config,predictor,representative_n,representative_shuffle_1pct_boundary,shuffles,seed,observed_accuracy,card_shuffle_1pct_boundary,card_shuffle_max,block_shuffle_1pct_boundary,block_shuffle_max,block_immovable_events,block_cards_in_immovable_events,event_map_sha256
none/none/none,synthetic-iid,306,0.565359,1000,20260913,0.486928,0.571895,0.578431,0.558824,0.604575,0,0,3d904d31acf871084d211e79f02a1c1cde63b88917433ffd733b569c9608c796
none/none/none,synthetic-event-constant,306,0.565359,1000,20260913,0.486928,0.571895,0.578431,0.558824,0.604575,0,0,3d904d31acf871084d211e79f02a1c1cde63b88917433ffd733b569c9608c796
start-hour/component/any,synthetic-iid,289,0.574394,1000,20260913,0.486928,0.571895,0.578431,0.552288,0.598039,0,0,9658402b1c3e68b1be36398fbc7594395a515a3b00cff9b4bcae3d582c6b2bb0
start-hour/component/any,synthetic-event-constant,289,0.574394,1000,20260913,0.506536,0.565359,0.598039,0.558824,0.578431,0,0,9658402b1c3e68b1be36398fbc7594395a515a3b00cff9b4bcae3d582c6b2bb0
start-hour/component/cross-coin,synthetic-iid,289,0.574394,1000,20260913,0.486928,0.571895,0.578431,0.552288,0.598039,0,0,64b2b25e9941400ea0aa06ff1f24f614c12bf52b35abdae67d0149aad67c05dc
start-hour/component/cross-coin,synthetic-event-constant,289,0.574394,1000,20260913,0.506536,0.565359,0.598039,0.558824,0.578431,0,0,64b2b25e9941400ea0aa06ff1f24f614c12bf52b35abdae67d0149aad67c05dc
move-window/component/any,synthetic-iid,131,0.603053,1000,20260913,0.486928,0.571895,0.578431,0.565359,0.584967,1,8,960cae8b8183c845c65e787e4b4f5acf211929f73d7e5e0227cbe51a5d8c62ba
move-window/component/any,synthetic-event-constant,131,0.603053,1000,20260913,0.51634,0.562092,0.588235,0.594771,0.620915,1,8,960cae8b8183c845c65e787e4b4f5acf211929f73d7e5e0227cbe51a5d8c62ba
move-window/component/cross-coin,synthetic-iid,136,0.588235,1000,20260913,0.486928,0.571895,0.578431,0.565359,0.598039,1,8,75b0f00e3e8aeedb307a9ac60baf7fdd1afc67dd78138e8f539d39565bb55691
move-window/component/cross-coin,synthetic-event-constant,136,0.588235,1000,20260913,0.571895,0.565359,0.584967,0.598039,0.650327,1,8,75b0f00e3e8aeedb307a9ac60baf7fdd1afc67dd78138e8f539d39565bb55691
move-window/greedy-clique/any,synthetic-iid,161,0.590062,1000,20260913,0.486928,0.571895,0.578431,0.565359,0.591503,1,5,90710a493e18689a87a984d02b3eb22d6263c33e441001340c1ee000fc926381
move-window/greedy-clique/any,synthetic-event-constant,161,0.590062,1000,20260913,0.539216,0.558824,0.584967,0.598039,0.624183,1,5,90710a493e18689a87a984d02b3eb22d6263c33e441001340c1ee000fc926381
move-window/greedy-clique/cross-coin,synthetic-iid,168,0.589286,1000,20260913,0.486928,0.571895,0.578431,0.558824,0.571895,1,5,69a4a2e0cacf1f8c3268df24e8edd31960e96d09395460596602bf421c2a9d91
move-window/greedy-clique/cross-coin,synthetic-event-constant,168,0.589286,1000,20260913,0.48366,0.562092,0.581699,0.575163,0.601307,1,5,69a4a2e0cacf1f8c3268df24e8edd31960e96d09395460596602bf421c2a9d91
card-span/component/any,synthetic-iid,58,0.655172,1000,20260913,0.486928,0.571895,0.578431,0.558824,0.578431,2,23,021cab6b1ab37fba28662247ee5525c4f9db0462f1f738eb8d2f7b5ec3fc1ce5
card-span/component/any,synthetic-event-constant,58,0.655172,1000,20260913,0.437908,0.568627,0.594771,0.562092,0.575163,2,23,021cab6b1ab37fba28662247ee5525c4f9db0462f1f738eb8d2f7b5ec3fc1ce5
card-span/component/cross-coin,synthetic-iid,62,0.66129,1000,20260913,0.486928,0.571895,0.578431,0.558824,0.578431,3,44,ef23b18dadda731bc099fa78221808f003d320206cec752f060f6f2e4597e280
card-span/component/cross-coin,synthetic-event-constant,62,0.66129,1000,20260913,0.441176,0.565359,0.591503,0.552288,0.578431,3,44,ef23b18dadda731bc099fa78221808f003d320206cec752f060f6f2e4597e280
card-span/greedy-clique/any,synthetic-iid,116,0.612069,1000,20260913,0.486928,0.571895,0.578431,0.552288,0.565359,0,0,8975e82152ecdd51aa6c271dc9fc074a8149912ffbf14173a15e9408088d1a70
card-span/greedy-clique/any,synthetic-event-constant,116,0.612069,1000,20260913,0.54902,0.562092,0.581699,0.601307,0.627451,0,0,8975e82152ecdd51aa6c271dc9fc074a8149912ffbf14173a15e9408088d1a70
card-span/greedy-clique/cross-coin,synthetic-iid,125,0.6,1000,20260913,0.486928,0.571895,0.578431,0.545752,0.578431,0,0,4bf1703b67ba13d6f5b23fea16c308b35bbc664306242a6390ddfb0fe7b27e33
card-span/greedy-clique/cross-coin,synthetic-event-constant,125,0.6,1000,20260913,0.486928,0.565359,0.591503,0.571895,0.584967,0,0,4bf1703b67ba13d6f5b23fea16c308b35bbc664306242a6390ddfb0fe7b27e33
