card_set,test,family,features_used,feature_names,cards,nn_same_coin_accuracy,nn_chance_1pct,nn_beats_chance,pair_auc,auc_chance_1pct,auc_beats_chance,cards_with_tied_nn,nn_tie_low,nn_tie_high,nn_tie_free,nn_tie_free_chance_1pct,nn_tie_free_beats_chance
blinded-rank,T1+T2,price-level,1,price:log_median_close,306,0.153595,0.179739,no,0.503476,0.512978,no,20,0.137255,0.156863,0.147059,0.179739,no
blinded-rank,T1+T2,volatility-frozen,3,volatility:max_abs_chg volatility:mean_abs_chg volatility:sd_chg,306,0.160131,0.176471,no,0.542629,0.513267,YES,0,0.160131,0.160131,0.160131,0.176471,no
blinded-rank,T1+T2,volume-level,2,p7:log_avg_vol volume:log_median_vol,306,0.183007,0.179739,YES,0.527862,0.512206,YES,11,0.179739,0.183007,0.181373,0.176471,YES
blinded-rank,T1+T2,trades-level,2,p7:log_avg_trades trades:log_median_trades,306,0.196078,0.179739,YES,0.529441,0.513128,YES,61,0.189542,0.24183,0.210434,0.175957,YES
blinded-rank,T1+T2,openint-level,1,openint:log_median_oi,306,0.130719,0.153595,no,0.513841,0.511796,YES,303,0.003268,0.96732,0.141978,0.131035,YES
blinded-rank,T1+T2,depth-level,2,depth:log_median_depth_ask depth:log_median_depth_bid,306,0.147059,0.147059,no,0.504425,0.510421,no,305,0.022876,0.977124,0.147147,0.131292,YES
blinded-rank,T1+T2,ratio-level,3,ratio:log_median_ls_acct ratio:log_median_taker_ls ratio:log_median_top_ls,306,0.127451,0.176471,no,0.489869,0.513598,no,167,0.081699,0.326797,0.134483,0.164822,no
blinded-rank,T1+T2,taker-buy,2,takerbuy:mean takerbuy:sd,306,0.166667,0.179739,no,0.563111,0.513622,YES,0,0.166667,0.166667,0.166667,0.179739,no
blinded-rank,T1+T2,funding-line,4,funding:all_equal funding:count_matches funding:interval_changed funding:rel_spread,306,0.150327,0.173203,no,0.592675,0.511202,YES,186,0.088235,0.535948,0.182594,0.162494,YES
blinded-rank,T1+T2,wikipedia-presence,0,,306,,,no features left after blinding,,,no features left after blinding,,,,,,no features left after blinding
blinded-rank,T1+T2,p7-shape,2,p7:price_pct p7:range_pct,306,0.150327,0.179739,no,0.5239,0.513163,YES,0,0.150327,0.150327,0.150327,0.179739,no
blinded-rank,T1+T2,btc-eth,0,,306,,,no features left after blinding,,,no features left after blinding,,,,,,no features left after blinding
blinded-rank,T1+T2,shape-scale-free,13,shape:acf1_log_depth_ask shape:acf1_log_ls_acct shape:acf1_log_taker_ls shape:acf1_log_top_ls shape:acf1_log_trades shape:acf1_log_vol shape:sd_log_depth_ask shape:sd_log_depth_bid shape:sd_log_ls_acct shape:sd_log_taker_ls shape:sd_log_top_ls shape:sd_log_trades shape:sd_log_vol,306,0.147059,0.173203,no,0.512016,0.512623,no,0,0.147059,0.147059,0.147059,0.173203,no
blinded-rank,T1+T2,repeat-close,2,rep-close:close:distinct rep-close:close:maxrepeat,306,0.160131,0.166667,no,0.541608,0.510755,YES,293,0.009804,0.885621,0.140828,0.138747,YES
blinded-rank,T1+T2,repeat-chg,2,rep-chg:chg%:distinct rep-chg:chg%:maxrepeat,306,0.101307,0.166667,no,0.523354,0.512968,YES,301,0.006536,0.928105,0.142932,0.134485,YES
blinded-rank,T1+T2,repeat-volume,2,rep-volume:quote vol:distinct rep-volume:quote vol:maxrepeat,306,0.163399,0.153595,YES,0.505981,0.511495,no,304,0.0,0.977124,0.129737,0.129843,no
blinded-rank,T1+T2,repeat-trades,2,rep-trades:trades:distinct rep-trades:trades:maxrepeat,306,0.22549,0.173203,YES,0.585348,0.512775,YES,236,0.078431,0.454248,0.213445,0.161858,YES
blinded-rank,T1+T2,repeat-takerbuy,2,rep-takerbuy:taker buy%:distinct rep-takerbuy:taker buy%:maxrepeat,306,0.130719,0.169935,no,0.505313,0.512732,no,300,0.006536,0.934641,0.128017,0.134658,no
blinded-rank,T1+T2,repeat-openint,2,rep-openint:open int:distinct rep-openint:open int:maxrepeat,306,0.143791,0.173203,no,0.621996,0.513399,YES,289,0.045752,0.862745,0.202839,0.142742,YES
blinded-rank,T1+T2,repeat-ratio,6,rep-ratio:L/S acct:distinct rep-ratio:L/S acct:maxrepeat rep-ratio:taker L/S:distinct rep-ratio:taker L/S:maxrepeat rep-ratio:top L/S pos:distinct rep-ratio:top L/S pos:maxrepeat,306,0.186275,0.176471,YES,0.563942,0.51247,YES,5,0.186275,0.186275,0.186275,0.176471,YES
blinded-rank,T1+T2,repeat-depth,4,rep-depth:depth +1%:distinct rep-depth:depth +1%:maxrepeat rep-depth:depth -1%:distinct rep-depth:depth -1%:maxrepeat,306,0.222222,0.169935,YES,0.535053,0.513322,YES,273,0.088235,0.957516,0.214744,0.14232,YES
blinded-rank,T1+T2,repeat-btceth,0,,306,,,no features left after blinding,,,no features left after blinding,,,,,,no features left after blinding
blinded-rank,T1+T2,granularity-close,1,gran-close:min_step,306,0.143791,0.169935,no,0.599532,0.512967,YES,304,0.006536,0.95098,0.194823,0.133656,YES
blinded-rank,T1+T2,ALL,58,depth:log_median_depth_ask depth:log_median_depth_bid funding:all_equal funding:count_matches funding:interval_changed funding:rel_spread gran-close:min_step openint:log_median_oi p7:log_avg_trades p7:log_avg_vol p7:price_pct p7:range_pct price:log_median_close ratio:log_median_ls_acct ratio:log_median_taker_ls ratio:log_median_top_ls rep-chg:chg%:distinct rep-chg:chg%:maxrepeat rep-close:close:distinct rep-close:close:maxrepeat rep-depth:depth +1%:distinct rep-depth:depth +1%:maxrepeat rep-depth:depth -1%:distinct rep-depth:depth -1%:maxrepeat rep-openint:open int:distinct rep-openint:open int:maxrepeat rep-ratio:L/S acct:distinct rep-ratio:L/S acct:maxrepeat rep-ratio:taker L/S:distinct rep-ratio:taker L/S:maxrepeat rep-ratio:top L/S pos:distinct rep-ratio:top L/S pos:maxrepeat rep-takerbuy:taker buy%:distinct rep-takerbuy:taker buy%:maxrepeat rep-trades:trades:distinct rep-trades:trades:maxrepeat rep-volume:quote vol:distinct rep-volume:quote vol:maxrepeat shape:acf1_log_depth_ask shape:acf1_log_ls_acct shape:acf1_log_taker_ls shape:acf1_log_top_ls shape:acf1_log_trades shape:acf1_log_vol shape:sd_log_depth_ask shape:sd_log_depth_bid shape:sd_log_ls_acct shape:sd_log_taker_ls shape:sd_log_top_ls shape:sd_log_trades shape:sd_log_vol takerbuy:mean takerbuy:sd trades:log_median_trades volatility:max_abs_chg volatility:mean_abs_chg volatility:sd_chg volume:log_median_vol,306,0.421569,0.176471,YES,0.588238,0.513261,YES,0,0.421569,0.421569,0.421569,0.176471,YES
blinded-rank,T1+T2,ALL-except-frozen-volatility,55,depth:log_median_depth_ask depth:log_median_depth_bid funding:all_equal funding:count_matches funding:interval_changed funding:rel_spread gran-close:min_step openint:log_median_oi p7:log_avg_trades p7:log_avg_vol p7:price_pct p7:range_pct price:log_median_close ratio:log_median_ls_acct ratio:log_median_taker_ls ratio:log_median_top_ls rep-chg:chg%:distinct rep-chg:chg%:maxrepeat rep-close:close:distinct rep-close:close:maxrepeat rep-depth:depth +1%:distinct rep-depth:depth +1%:maxrepeat rep-depth:depth -1%:distinct rep-depth:depth -1%:maxrepeat rep-openint:open int:distinct rep-openint:open int:maxrepeat rep-ratio:L/S acct:distinct rep-ratio:L/S acct:maxrepeat rep-ratio:taker L/S:distinct rep-ratio:taker L/S:maxrepeat rep-ratio:top L/S pos:distinct rep-ratio:top L/S pos:maxrepeat rep-takerbuy:taker buy%:distinct rep-takerbuy:taker buy%:maxrepeat rep-trades:trades:distinct rep-trades:trades:maxrepeat rep-volume:quote vol:distinct rep-volume:quote vol:maxrepeat shape:acf1_log_depth_ask shape:acf1_log_ls_acct shape:acf1_log_taker_ls shape:acf1_log_top_ls shape:acf1_log_trades shape:acf1_log_vol shape:sd_log_depth_ask shape:sd_log_depth_bid shape:sd_log_ls_acct shape:sd_log_taker_ls shape:sd_log_top_ls shape:sd_log_trades shape:sd_log_vol takerbuy:mean takerbuy:sd trades:log_median_trades volume:log_median_vol,306,0.424837,0.176471,YES,0.587519,0.513157,YES,0,0.424837,0.424837,0.424837,0.176471,YES
blinded-rank,T1+T2,ALL-removable,47,depth:log_median_depth_ask depth:log_median_depth_bid gran-close:min_step openint:log_median_oi p7:log_avg_trades p7:log_avg_vol price:log_median_close ratio:log_median_ls_acct ratio:log_median_taker_ls ratio:log_median_top_ls rep-close:close:distinct rep-close:close:maxrepeat rep-depth:depth +1%:distinct rep-depth:depth +1%:maxrepeat rep-depth:depth -1%:distinct rep-depth:depth -1%:maxrepeat rep-openint:open int:distinct rep-openint:open int:maxrepeat rep-ratio:L/S acct:distinct rep-ratio:L/S acct:maxrepeat rep-ratio:taker L/S:distinct rep-ratio:taker L/S:maxrepeat rep-ratio:top L/S pos:distinct rep-ratio:top L/S pos:maxrepeat rep-takerbuy:taker buy%:distinct rep-takerbuy:taker buy%:maxrepeat rep-trades:trades:distinct rep-trades:trades:maxrepeat rep-volume:quote vol:distinct rep-volume:quote vol:maxrepeat shape:acf1_log_depth_ask shape:acf1_log_ls_acct shape:acf1_log_taker_ls shape:acf1_log_top_ls shape:acf1_log_trades shape:acf1_log_vol shape:sd_log_depth_ask shape:sd_log_depth_bid shape:sd_log_ls_acct shape:sd_log_taker_ls shape:sd_log_top_ls shape:sd_log_trades shape:sd_log_vol takerbuy:mean takerbuy:sd trades:log_median_trades volume:log_median_vol,306,0.447712,0.169935,YES,0.581433,0.513237,YES,0,0.447712,0.447712,0.447712,0.169935,YES
