moment_id,symbol,kind,start_hour_utc,start_ms,move_24h_pct,rank_in_coin
ARBUSDT-C-20250919T0800,ARBUSDT,calm,2025-09-19T08:00Z,1758268800000,-3.8029,
ARBUSDT-C-20250921T0900,ARBUSDT,calm,2025-09-21T09:00Z,1758445200000,-10.7070,
ARBUSDT-C-20251004T1400,ARBUSDT,calm,2025-10-04T14:00Z,1759586400000,1.6732,
ARBUSDT-L-20251009T2300,ARBUSDT,large,2025-10-09T23:00Z,1760050800000,-32.8803,1
ARBUSDT-L-20251012T1400,ARBUSDT,large,2025-10-12T14:00Z,1760277600000,14.0105,15
ARBUSDT-C-20251026T0800,ARBUSDT,calm,2025-10-26T08:00Z,1761465600000,7.5791,
ARBUSDT-L-20251029T2000,ARBUSDT,large,2025-10-29T20:00Z,1761768000000,-13.1000,18
ARBUSDT-L-20251103T0000,ARBUSDT,large,2025-11-03T00:00Z,1762128000000,-15.0342,12
ARBUSDT-L-20251106T2100,ARBUSDT,large,2025-11-06T21:00Z,1762462800000,15.3465,11
ARBUSDT-L-20251120T1200,ARBUSDT,large,2025-11-20T12:00Z,1763640000000,-16.2840,9
ARBUSDT-C-20251125T1100,ARBUSDT,calm,2025-11-25T11:00Z,1764068400000,-1.2150,
ARBUSDT-L-20251201T1800,ARBUSDT,large,2025-12-01T18:00Z,1764612000000,15.8177,10
ARBUSDT-C-20251210T0600,ARBUSDT,calm,2025-12-10T06:00Z,1765346400000,-5.4695,
ARBUSDT-C-20251216T1900,ARBUSDT,calm,2025-12-16T19:00Z,1765911600000,-8.3829,
ARBUSDT-C-20251224T2200,ARBUSDT,calm,2025-12-24T22:00Z,1766613600000,1.4933,
ARBUSDT-L-20260118T2300,ARBUSDT,large,2026-01-18T23:00Z,1768777200000,-12.9545,19
ARBUSDT-L-20260130T1900,ARBUSDT,large,2026-01-30T19:00Z,1769799600000,-14.7228,13
ARBUSDT-L-20260205T0100,ARBUSDT,large,2026-02-05T01:00Z,1770253200000,-17.0446,7
ARBUSDT-C-20260214T0100,ARBUSDT,calm,2026-02-14T01:00Z,1771030800000,3.5406,
ARBUSDT-L-20260218T1600,ARBUSDT,large,2026-02-18T16:00Z,1771430400000,-12.5112,20
ARBUSDT-L-20260224T2200,ARBUSDT,large,2026-02-24T22:00Z,1771970400000,13.8678,16
ARBUSDT-L-20260227T1000,ARBUSDT,large,2026-02-27T10:00Z,1772186400000,-17.0863,6
ARBUSDT-C-20260311T1100,ARBUSDT,calm,2026-03-11T11:00Z,1773226800000,0.4024,
ARBUSDT-C-20260314T0300,ARBUSDT,calm,2026-03-14T03:00Z,1773457200000,-0.0976,
ARBUSDT-C-20260315T0600,ARBUSDT,calm,2026-03-15T06:00Z,1773554400000,6.6929,
ARBUSDT-C-20260322T0500,ARBUSDT,calm,2026-03-22T05:00Z,1774155600000,-2.3834,
ARBUSDT-C-20260330T1400,ARBUSDT,calm,2026-03-30T14:00Z,1774879200000,0.4324,
ARBUSDT-L-20260415T2000,ARBUSDT,large,2026-04-15T20:00Z,1776283200000,13.6598,17
ARBUSDT-C-20260430T1000,ARBUSDT,calm,2026-04-30T10:00Z,1777543200000,-1.6548,
ARBUSDT-L-20260507T2200,ARBUSDT,large,2026-05-07T22:00Z,1778191200000,16.3622,8
ARBUSDT-C-20260523T0100,ARBUSDT,calm,2026-05-23T01:00Z,1779498000000,0.1828,
ARBUSDT-L-20260605T0500,ARBUSDT,large,2026-06-05T05:00Z,1780635600000,-14.2857,14
ARBUSDT-C-20260625T0700,ARBUSDT,calm,2026-06-25T07:00Z,1782370800000,-4.1715,
ARBUSDT-L-20260709T0300,ARBUSDT,large,2026-07-09T03:00Z,1783566000000,19.1648,3
ARBUSDT-C-20260723T2000,ARBUSDT,calm,2026-07-23T20:00Z,1784836800000,-3.0636,
ARBUSDT-C-20260724T0300,ARBUSDT,calm,2026-07-24T03:00Z,1784862000000,-3.2372,
ARBUSDT-C-20260725T1000,ARBUSDT,calm,2026-07-25T10:00Z,1784973600000,-0.8445,
ARBUSDT-L-20260818T2300,ARBUSDT,large,2026-08-18T23:00Z,1787094000000,19.0806,4
ARBUSDT-L-20260821T0500,ARBUSDT,large,2026-08-21T05:00Z,1787288400000,18.8179,5
ARBUSDT-L-20260831T0000,ARBUSDT,large,2026-08-31T00:00Z,1788134400000,29.9513,2
AVAUSDT-L-20250921T1600,AVAUSDT,large,2025-09-21T16:00Z,1758470400000,-16.4683,6
AVAUSDT-L-20250924T1800,AVAUSDT,large,2025-09-24T18:00Z,1758736800000,-11.5307,17
AVAUSDT-L-20251010T0200,AVAUSDT,large,2025-10-10T02:00Z,1760061600000,-38.0147,1
AVAUSDT-L-20251012T0200,AVAUSDT,large,2025-10-12T02:00Z,1760234400000,17.6172,5
AVAUSDT-L-20251016T0800,AVAUSDT,large,2025-10-16T08:00Z,1760601600000,-11.6811,14
AVAUSDT-C-20251021T1000,AVAUSDT,calm,2025-10-21T10:00Z,1761040800000,-0.4539,
AVAUSDT-L-20251027T2000,AVAUSDT,large,2025-10-27T20:00Z,1761595200000,27.1624,2
AVAUSDT-L-20251030T0300,AVAUSDT,large,2025-10-30T03:00Z,1761793200000,-15.8163,7
AVAUSDT-L-20251106T2300,AVAUSDT,large,2025-11-06T23:00Z,1762470000000,13.5423,10
AVAUSDT-C-20251118T1000,AVAUSDT,calm,2025-11-18T10:00Z,1763460000000,-0.8850,
AVAUSDT-L-20251121T1400,AVAUSDT,large,2025-11-21T14:00Z,1763733600000,18.4711,3
AVAUSDT-C-20251130T1300,AVAUSDT,calm,2025-11-30T13:00Z,1764507600000,-3.2963,
AVAUSDT-C-20251223T2300,AVAUSDT,calm,2025-12-23T23:00Z,1766530800000,0.2166,
AVAUSDT-C-20251225T0300,AVAUSDT,calm,2025-12-25T03:00Z,1766631600000,1.0707,
AVAUSDT-C-20260109T0900,AVAUSDT,calm,2026-01-09T09:00Z,1767949200000,4.2056,
AVAUSDT-L-20260115T2100,AVAUSDT,large,2026-01-15T21:00Z,1768510800000,11.6961,13
AVAUSDT-L-20260205T0000,AVAUSDT,large,2026-02-05T00:00Z,1770249600000,-18.1329,4
AVAUSDT-L-20260211T1100,AVAUSDT,large,2026-02-11T11:00Z,1770807600000,11.5310,16
AVAUSDT-C-20260214T2100,AVAUSDT,calm,2026-02-14T21:00Z,1771102800000,-5.9991,
AVAUSDT-L-20260227T1200,AVAUSDT,large,2026-02-27T12:00Z,1772193600000,-11.9081,12
AVAUSDT-C-20260313T0300,AVAUSDT,calm,2026-03-13T03:00Z,1773370800000,-1.0224,
AVAUSDT-C-20260324T1300,AVAUSDT,calm,2026-03-24T13:00Z,1774357200000,0.6289,
AVAUSDT-C-20260401T2000,AVAUSDT,calm,2026-04-01T20:00Z,1775073600000,0.3077,
AVAUSDT-C-20260411T1700,AVAUSDT,calm,2026-04-11T17:00Z,1775926800000,-0.9847,
AVAUSDT-L-20260418T1200,AVAUSDT,large,2026-04-18T12:00Z,1776513600000,13.8657,8
AVAUSDT-C-20260428T1800,AVAUSDT,calm,2026-04-28T18:00Z,1777399200000,-1.8663,
AVAUSDT-L-20260503T0500,AVAUSDT,large,2026-05-03T05:00Z,1777784400000,11.4081,18
AVAUSDT-C-20260507T0900,AVAUSDT,calm,2026-05-07T09:00Z,1778144400000,0.3573,
AVAUSDT-C-20260512T1100,AVAUSDT,calm,2026-05-12T11:00Z,1778583600000,-0.7463,
AVAUSDT-C-20260516T1900,AVAUSDT,calm,2026-05-16T19:00Z,1778958000000,-1.8829,
AVAUSDT-C-20260518T0400,AVAUSDT,calm,2026-05-18T04:00Z,1779076800000,-0.4705,
AVAUSDT-L-20260603T1100,AVAUSDT,large,2026-06-03T11:00Z,1780484400000,-11.5634,15
AVAUSDT-L-20260610T2300,AVAUSDT,large,2026-06-10T23:00Z,1781132400000,11.2198,19
AVAUSDT-C-20260630T0100,AVAUSDT,calm,2026-06-30T01:00Z,1782781200000,-2.6602,
AVAUSDT-C-20260716T0400,AVAUSDT,calm,2026-07-16T04:00Z,1784174400000,-3.2160,
AVAUSDT-L-20260731T0800,AVAUSDT,large,2026-07-31T08:00Z,1785484800000,13.6452,9
AVAUSDT-L-20260807T0000,AVAUSDT,large,2026-08-07T00:00Z,1786060800000,10.5734,20
AVAUSDT-C-20260810T2300,AVAUSDT,calm,2026-08-10T23:00Z,1786402800000,-4.5072,
AVAUSDT-C-20260814T2300,AVAUSDT,calm,2026-08-14T23:00Z,1786748400000,0.6734,
AVAUSDT-L-20260821T0400,AVAUSDT,large,2026-08-21T04:00Z,1787284800000,12.3230,11
BRUSDT-L-20250908T0400,BRUSDT,large,2025-09-08T04:00Z,1757304000000,45.0636,9
BRUSDT-C-20250912T0600,BRUSDT,calm,2025-09-12T06:00Z,1757656800000,0.6096,
BRUSDT-C-20250921T2100,BRUSDT,calm,2025-09-21T21:00Z,1758488400000,-14.1015,
BRUSDT-C-20250923T1600,BRUSDT,calm,2025-09-23T16:00Z,1758643200000,5.3003,
BRUSDT-C-20251108T0800,BRUSDT,calm,2025-11-08T08:00Z,1762588800000,-9.1919,
BRUSDT-C-20251204T0600,BRUSDT,calm,2025-12-04T06:00Z,1764828000000,-4.7387,
BRUSDT-L-20251213T0000,BRUSDT,large,2025-12-13T00:00Z,1765584000000,53.5948,8
BRUSDT-L-20251216T1400,BRUSDT,large,2025-12-16T14:00Z,1765893600000,24.7614,14
BRUSDT-C-20251226T1900,BRUSDT,calm,2025-12-26T19:00Z,1766775600000,0.6266,
BRUSDT-C-20260108T1100,BRUSDT,calm,2026-01-08T11:00Z,1767870000000,-0.9857,
BRUSDT-C-20260114T1400,BRUSDT,calm,2026-01-14T14:00Z,1768399200000,0.3407,
BRUSDT-C-20260214T1500,BRUSDT,calm,2026-02-14T15:00Z,1771081200000,-2.4729,
BRUSDT-C-20260219T1100,BRUSDT,calm,2026-02-19T11:00Z,1771498800000,1.0309,
BRUSDT-C-20260228T2100,BRUSDT,calm,2026-02-28T21:00Z,1772312400000,-7.2239,
BRUSDT-C-20260304T1000,BRUSDT,calm,2026-03-04T10:00Z,1772618400000,-1.3093,
BRUSDT-C-20260304T1900,BRUSDT,calm,2026-03-04T19:00Z,1772650800000,3.0064,
BRUSDT-C-20260317T1000,BRUSDT,calm,2026-03-17T10:00Z,1773741600000,6.1560,
BRUSDT-L-20260321T1900,BRUSDT,large,2026-03-21T19:00Z,1774119600000,182.6081,1
BRUSDT-L-20260324T0100,BRUSDT,large,2026-03-24T01:00Z,1774314000000,62.1957,6
BRUSDT-L-20260326T1200,BRUSDT,large,2026-03-26T12:00Z,1774526400000,-27.9727,13
BRUSDT-L-20260401T1500,BRUSDT,large,2026-04-01T15:00Z,1775055600000,53.9821,7
BRUSDT-L-20260405T0800,BRUSDT,large,2026-04-05T08:00Z,1775376000000,-30.1574,11
BRUSDT-L-20260414T1300,BRUSDT,large,2026-04-14T13:00Z,1776171600000,70.4908,5
BRUSDT-L-20260416T1600,BRUSDT,large,2026-04-16T16:00Z,1776355200000,-34.2063,10
BRUSDT-L-20260430T0900,BRUSDT,large,2026-04-30T09:00Z,1777539600000,122.5854,2
BRUSDT-L-20260503T0200,BRUSDT,large,2026-05-03T02:00Z,1777773600000,23.0911,19
BRUSDT-L-20260505T1500,BRUSDT,large,2026-05-05T15:00Z,1777993200000,-24.4304,16
BRUSDT-C-20260514T1700,BRUSDT,calm,2026-05-14T17:00Z,1778778000000,-0.5271,
BRUSDT-L-20260610T1000,BRUSDT,large,2026-06-10T10:00Z,1781085600000,30.0710,12
BRUSDT-L-20260616T0100,BRUSDT,large,2026-06-16T01:00Z,1781571600000,75.4747,4
BRUSDT-L-20260618T0200,BRUSDT,large,2026-06-18T02:00Z,1781748000000,-24.3345,17
BRUSDT-L-20260622T1500,BRUSDT,large,2026-06-22T15:00Z,1782140400000,23.4976,18
BRUSDT-C-20260718T0200,BRUSDT,calm,2026-07-18T02:00Z,1784340000000,5.3999,
BRUSDT-C-20260720T1900,BRUSDT,calm,2026-07-20T19:00Z,1784574000000,3.1293,
BRUSDT-C-20260722T2100,BRUSDT,calm,2026-07-22T21:00Z,1784754000000,3.6691,
BRUSDT-C-20260801T0700,BRUSDT,calm,2026-08-01T07:00Z,1785567600000,5.1767,
BRUSDT-C-20260804T1900,BRUSDT,calm,2026-08-04T19:00Z,1785870000000,0.1603,
BRUSDT-L-20260812T0900,BRUSDT,large,2026-08-12T09:00Z,1786525200000,83.7148,3
BRUSDT-L-20260819T1500,BRUSDT,large,2026-08-19T15:00Z,1787151600000,24.6105,15
BRUSDT-L-20260824T1900,BRUSDT,large,2026-08-24T19:00Z,1787598000000,22.9803,20
BTRUSDT-C-20250903T0100,BTRUSDT,calm,2025-09-03T01:00Z,1756861200000,1.8203,
BTRUSDT-L-20250907T1000,BTRUSDT,large,2025-09-07T10:00Z,1757239200000,46.4627,11
BTRUSDT-L-20250913T1400,BTRUSDT,large,2025-09-13T14:00Z,1757772000000,69.7926,4
BTRUSDT-L-20250924T1200,BTRUSDT,large,2025-09-24T12:00Z,1758715200000,41.9009,13
BTRUSDT-L-20251009T2300,BTRUSDT,large,2025-10-09T23:00Z,1760050800000,-33.9763,16
BTRUSDT-C-20251013T1700,BTRUSDT,calm,2025-10-13T17:00Z,1760374800000,3.9151,
BTRUSDT-C-20251016T1400,BTRUSDT,calm,2025-10-16T14:00Z,1760623200000,-9.1858,
BTRUSDT-L-20251020T0200,BTRUSDT,large,2025-10-20T02:00Z,1760925600000,33.1851,17
BTRUSDT-C-20251029T1300,BTRUSDT,calm,2025-10-29T13:00Z,1761742800000,-9.2111,
BTRUSDT-C-20251114T1300,BTRUSDT,calm,2025-11-14T13:00Z,1763125200000,-5.2830,
BTRUSDT-C-20251118T1900,BTRUSDT,calm,2025-11-18T19:00Z,1763492400000,-18.7936,
BTRUSDT-C-20251123T2300,BTRUSDT,calm,2025-11-23T23:00Z,1763938800000,1.3016,
BTRUSDT-C-20251215T1300,BTRUSDT,calm,2025-12-15T13:00Z,1765803600000,5.0996,
BTRUSDT-C-20260112T0000,BTRUSDT,calm,2026-01-12T00:00Z,1768176000000,2.5491,
BTRUSDT-L-20260115T0700,BTRUSDT,large,2026-01-15T07:00Z,1768460400000,64.9666,6
BTRUSDT-L-20260119T1600,BTRUSDT,large,2026-01-19T16:00Z,1768838400000,26.4259,19
BTRUSDT-L-20260125T2300,BTRUSDT,large,2026-01-25T23:00Z,1769382000000,100.6041,2
BTRUSDT-L-20260201T0900,BTRUSDT,large,2026-02-01T09:00Z,1769936400000,26.2889,20
BTRUSDT-L-20260203T1500,BTRUSDT,large,2026-02-03T15:00Z,1770130800000,-47.4583,10
BTRUSDT-L-20260211T1900,BTRUSDT,large,2026-02-11T19:00Z,1770836400000,65.9030,5
BTRUSDT-L-20260214T0500,BTRUSDT,large,2026-02-14T05:00Z,1771045200000,43.8970,12
BTRUSDT-C-20260220T0700,BTRUSDT,calm,2026-02-20T07:00Z,1771570800000,0.3074,
BTRUSDT-C-20260227T1000,BTRUSDT,calm,2026-02-27T10:00Z,1772186400000,-3.3946,
BTRUSDT-C-20260303T0700,BTRUSDT,calm,2026-03-03T07:00Z,1772521200000,8.1877,
BTRUSDT-L-20260311T1900,BTRUSDT,large,2026-03-11T19:00Z,1773255600000,-32.6055,18
BTRUSDT-L-20260319T1700,BTRUSDT,large,2026-03-19T17:00Z,1773939600000,34.6374,15
BTRUSDT-L-20260322T1700,BTRUSDT,large,2026-03-22T17:00Z,1774198800000,-80.9471,3
BTRUSDT-C-20260401T1500,BTRUSDT,calm,2026-04-01T15:00Z,1775055600000,-2.5875,
BTRUSDT-L-20260418T0400,BTRUSDT,large,2026-04-18T04:00Z,1776484800000,41.3922,14
BTRUSDT-C-20260518T2100,BTRUSDT,calm,2026-05-18T21:00Z,1779138000000,-0.9195,
BTRUSDT-C-20260605T1200,BTRUSDT,calm,2026-06-05T12:00Z,1780660800000,-2.1750,
BTRUSDT-L-20260620T0500,BTRUSDT,large,2026-06-20T05:00Z,1781931600000,50.2208,8
BTRUSDT-C-20260625T2100,BTRUSDT,calm,2026-06-25T21:00Z,1782421200000,0.5379,
BTRUSDT-C-20260710T0200,BTRUSDT,calm,2026-07-10T02:00Z,1783648800000,-1.5201,
BTRUSDT-C-20260722T1700,BTRUSDT,calm,2026-07-22T17:00Z,1784739600000,-4.1341,
BTRUSDT-C-20260801T1500,BTRUSDT,calm,2026-08-01T15:00Z,1785596400000,2.5830,
BTRUSDT-C-20260803T0000,BTRUSDT,calm,2026-08-03T00:00Z,1785715200000,-3.6221,
BTRUSDT-L-20260810T2200,BTRUSDT,large,2026-08-10T22:00Z,1786399200000,56.7479,7
BTRUSDT-L-20260825T2000,BTRUSDT,large,2026-08-25T20:00Z,1787688000000,348.0445,1
BTRUSDT-L-20260830T0900,BTRUSDT,large,2026-08-30T09:00Z,1788080400000,-49.9492,9
DASHUSDT-C-20250907T1200,DASHUSDT,calm,2025-09-07T12:00Z,1757246400000,4.2013,
DASHUSDT-C-20250907T1500,DASHUSDT,calm,2025-09-07T15:00Z,1757257200000,-0.2762,
DASHUSDT-C-20250927T0900,DASHUSDT,calm,2025-09-27T09:00Z,1758963600000,-0.5780,
DASHUSDT-L-20251001T1400,DASHUSDT,large,2025-10-01T14:00Z,1759327200000,45.5347,6
DASHUSDT-L-20251004T1600,DASHUSDT,large,2025-10-04T16:00Z,1759593600000,20.6148,17
DASHUSDT-L-20251009T1100,DASHUSDT,large,2025-10-09T11:00Z,1760007600000,49.5899,5
DASHUSDT-L-20251012T0400,DASHUSDT,large,2025-10-12T04:00Z,1760241600000,54.7774,4
DASHUSDT-C-20251022T2200,DASHUSDT,calm,2025-10-22T22:00Z,1761170400000,0.1703,
DASHUSDT-L-20251026T0200,DASHUSDT,large,2025-10-26T02:00Z,1761444000000,29.9685,12
DASHUSDT-L-20251031T2200,DASHUSDT,large,2025-10-31T22:00Z,1761948000000,58.0042,3
DASHUSDT-L-20251103T1000,DASHUSDT,large,2025-11-03T10:00Z,1762164000000,70.8984,1
DASHUSDT-L-20251107T0900,DASHUSDT,large,2025-11-07T09:00Z,1762506000000,-30.5714,11
DASHUSDT-L-20251114T0400,DASHUSDT,large,2025-11-14T04:00Z,1763092800000,37.7847,8
DASHUSDT-L-20251120T2300,DASHUSDT,large,2025-11-20T23:00Z,1763679600000,-23.3748,15
DASHUSDT-L-20251126T0000,DASHUSDT,large,2025-11-26T00:00Z,1764115200000,21.2825,16
DASHUSDT-L-20251226T1600,DASHUSDT,large,2025-12-26T16:00Z,1766764800000,19.3308,20
DASHUSDT-L-20260112T1200,DASHUSDT,large,2026-01-12T12:00Z,1768219200000,69.0678,2
DASHUSDT-L-20260117T1600,DASHUSDT,large,2026-01-17T16:00Z,1768665600000,20.1563,19
DASHUSDT-C-20260121T0600,DASHUSDT,calm,2026-01-21T06:00Z,1768975200000,-8.1664,
DASHUSDT-C-20260204T2300,DASHUSDT,calm,2026-02-04T23:00Z,1770246000000,-11.7870,
DASHUSDT-C-20260216T1900,DASHUSDT,calm,2026-02-16T19:00Z,1771268400000,0.6395,
DASHUSDT-C-20260330T0900,DASHUSDT,calm,2026-03-30T09:00Z,1774861200000,-2.4316,
DASHUSDT-L-20260409T1600,DASHUSDT,large,2026-04-09T16:00Z,1775750400000,37.3198,9
DASHUSDT-L-20260503T0800,DASHUSDT,large,2026-05-03T08:00Z,1777795200000,30.8333,10
DASHUSDT-L-20260505T1300,DASHUSDT,large,2026-05-05T13:00Z,1777986000000,26.5812,13
DASHUSDT-L-20260520T0400,DASHUSDT,large,2026-05-20T04:00Z,1779249600000,24.2807,14
DASHUSDT-C-20260528T1700,DASHUSDT,calm,2026-05-28T17:00Z,1779987600000,1.7259,
DASHUSDT-L-20260606T1200,DASHUSDT,large,2026-06-06T12:00Z,1780747200000,20.3905,18
DASHUSDT-C-20260611T0900,DASHUSDT,calm,2026-06-11T09:00Z,1781168400000,1.4685,
DASHUSDT-C-20260614T2100,DASHUSDT,calm,2026-06-14T21:00Z,1781470800000,9.5968,
DASHUSDT-C-20260618T0500,DASHUSDT,calm,2026-06-18T05:00Z,1781758800000,-1.6496,
DASHUSDT-C-20260625T2200,DASHUSDT,calm,2026-06-25T22:00Z,1782424800000,1.4374,
DASHUSDT-C-20260708T2100,DASHUSDT,calm,2026-07-08T21:00Z,1783544400000,0.8844,
DASHUSDT-C-20260717T1800,DASHUSDT,calm,2026-07-17T18:00Z,1784311200000,-0.2929,
DASHUSDT-C-20260804T1400,DASHUSDT,calm,2026-08-04T14:00Z,1785852000000,0.6763,
DASHUSDT-C-20260805T0500,DASHUSDT,calm,2026-08-05T05:00Z,1785906000000,-1.2496,
DASHUSDT-C-20260809T0700,DASHUSDT,calm,2026-08-09T07:00Z,1786258800000,-1.6378,
DASHUSDT-C-20260813T0400,DASHUSDT,calm,2026-08-13T04:00Z,1786593600000,0.5281,
DASHUSDT-L-20260821T0300,DASHUSDT,large,2026-08-21T03:00Z,1787281200000,40.3714,7
DASHUSDT-C-20260826T1800,DASHUSDT,calm,2026-08-26T18:00Z,1787767200000,7.7046,
ENAUSDT-L-20250905T0100,ENAUSDT,large,2025-09-05T01:00Z,1757034000000,16.4934,11
ENAUSDT-C-20250913T0800,ENAUSDT,calm,2025-09-13T08:00Z,1757750400000,-1.8633,
ENAUSDT-C-20250915T1400,ENAUSDT,calm,2025-09-15T14:00Z,1757944800000,-3.4061,
ENAUSDT-C-20251006T2200,ENAUSDT,calm,2025-10-06T22:00Z,1759788000000,-8.0353,
ENAUSDT-L-20251010T1400,ENAUSDT,large,2025-10-10T14:00Z,1760104800000,-27.3829,4
ENAUSDT-L-20251012T1400,ENAUSDT,large,2025-10-12T14:00Z,1760277600000,19.6614,5
ENAUSDT-L-20251017T0900,ENAUSDT,large,2025-10-17T09:00Z,1760691600000,18.4854,7
ENAUSDT-C-20251030T0800,ENAUSDT,calm,2025-10-30T08:00Z,1761811200000,-7.8231,
ENAUSDT-C-20251031T1500,ENAUSDT,calm,2025-10-31T15:00Z,1761922800000,-3.6052,
ENAUSDT-C-20251104T1800,ENAUSDT,calm,2025-11-04T18:00Z,1762279200000,4.4986,
ENAUSDT-L-20251120T1200,ENAUSDT,large,2025-11-20T12:00Z,1763640000000,-16.2482,12
ENAUSDT-L-20251125T0800,ENAUSDT,large,2025-11-25T08:00Z,1764057600000,15.5126,17
ENAUSDT-L-20251130T0700,ENAUSDT,large,2025-11-30T07:00Z,1764486000000,-18.0603,8
ENAUSDT-L-20251202T0900,ENAUSDT,large,2025-12-02T09:00Z,1764666000000,18.9537,6
ENAUSDT-C-20251227T1800,ENAUSDT,calm,2025-12-27T18:00Z,1766858400000,-2.1556,
ENAUSDT-C-20260112T0200,ENAUSDT,calm,2026-01-12T02:00Z,1768183200000,-7.4154,
ENAUSDT-C-20260122T1500,ENAUSDT,calm,2026-01-22T15:00Z,1769094000000,-0.5741,
ENAUSDT-L-20260130T1900,ENAUSDT,large,2026-01-30T19:00Z,1769799600000,-16.8698,9
ENAUSDT-L-20260205T0100,ENAUSDT,large,2026-02-05T01:00Z,1770253200000,-16.7289,10
ENAUSDT-L-20260224T2200,ENAUSDT,large,2026-02-24T22:00Z,1771970400000,16.1060,13
ENAUSDT-L-20260301T2100,ENAUSDT,large,2026-03-01T21:00Z,1772398800000,14.7379,20
ENAUSDT-C-20260308T0700,ENAUSDT,calm,2026-03-08T07:00Z,1772953200000,1.5075,
ENAUSDT-C-20260314T2000,ENAUSDT,calm,2026-03-14T20:00Z,1773518400000,1.9681,
ENAUSDT-L-20260325T0200,ENAUSDT,large,2026-03-25T02:00Z,1774404000000,15.1323,18
ENAUSDT-L-20260407T0700,ENAUSDT,large,2026-04-07T07:00Z,1775545200000,14.9254,19
ENAUSDT-C-20260411T2300,ENAUSDT,calm,2026-04-11T23:00Z,1775948400000,-5.7792,
ENAUSDT-L-20260416T1700,ENAUSDT,large,2026-04-16T17:00Z,1776358800000,15.9143,14
ENAUSDT-C-20260426T0800,ENAUSDT,calm,2026-04-26T08:00Z,1777190400000,-2.8260,
ENAUSDT-C-20260501T2100,ENAUSDT,calm,2026-05-01T21:00Z,1777669200000,0.2528,
ENAUSDT-L-20260505T1300,ENAUSDT,large,2026-05-05T13:00Z,1777986000000,15.7222,16
ENAUSDT-L-20260602T1600,ENAUSDT,large,2026-06-02T16:00Z,1780416000000,39.2164,2
ENAUSDT-L-20260604T1600,ENAUSDT,large,2026-06-04T16:00Z,1780588800000,-15.8118,15
ENAUSDT-C-20260612T0800,ENAUSDT,calm,2026-06-12T08:00Z,1781251200000,4.1293,
ENAUSDT-C-20260625T1200,ENAUSDT,calm,2026-06-25T12:00Z,1782388800000,-7.4514,
ENAUSDT-C-20260627T1500,ENAUSDT,calm,2026-06-27T15:00Z,1782572400000,-3.6717,
ENAUSDT-C-20260704T2200,ENAUSDT,calm,2026-07-04T22:00Z,1783202400000,0.9563,
ENAUSDT-C-20260723T0100,ENAUSDT,calm,2026-07-23T01:00Z,1784768400000,-1.7503,
ENAUSDT-C-20260815T2300,ENAUSDT,calm,2026-08-15T23:00Z,1786834800000,-1.5363,
ENAUSDT-L-20260820T1500,ENAUSDT,large,2026-08-20T15:00Z,1787238000000,49.5729,1
ENAUSDT-L-20260827T0200,ENAUSDT,large,2026-08-27T02:00Z,1787796000000,28.3235,3
FXSUSDT-C-20250902T1700,FXSUSDT,calm,2025-09-02T17:00Z,1756832400000,1.5407,
FXSUSDT-L-20250907T1900,FXSUSDT,large,2025-09-07T19:00Z,1757271600000,16.7066,3
FXSUSDT-C-20250915T0100,FXSUSDT,calm,2025-09-15T01:00Z,1757898000000,-3.0639,
FXSUSDT-L-20250925T0000,FXSUSDT,large,2025-09-25T00:00Z,1758758400000,-16.9913,2
FXSUSDT-L-20251003T0200,FXSUSDT,large,2025-10-03T02:00Z,1759456800000,13.6724,6
FXSUSDT-L-20251009T2300,FXSUSDT,large,2025-10-09T23:00Z,1760050800000,-45.0266,1
FXSUSDT-L-20251012T0300,FXSUSDT,large,2025-10-12T03:00Z,1760238000000,15.1747,4
FXSUSDT-C-20251015T0300,FXSUSDT,calm,2025-10-15T03:00Z,1760497200000,-7.8614,
FXSUSDT-C-20251017T1800,FXSUSDT,calm,2025-10-17T18:00Z,1760724000000,0.5551,
FXSUSDT-L-20251029T2100,FXSUSDT,large,2025-10-29T21:00Z,1761771600000,-14.5600,5
FXSUSDT-L-20251107T1300,FXSUSDT,large,2025-11-07T13:00Z,1762520400000,12.4779,7
FXSUSDT-C-20251111T0900,FXSUSDT,calm,2025-11-11T09:00Z,1762851600000,-0.9821,
FXSUSDT-C-20251124T2300,FXSUSDT,calm,2025-11-24T23:00Z,1764025200000,0.1140,
FXSUSDT-C-20260103T1900,FXSUSDT,calm,2026-01-03T19:00Z,1767466800000,1.0206,
GENIUSUSDT-L-20260417T1100,GENIUSUSDT,large,2026-04-17T11:00Z,1776423600000,47.6114,2
GENIUSUSDT-L-20260422T1500,GENIUSUSDT,large,2026-04-22T15:00Z,1776870000000,20.5785,7
GENIUSUSDT-C-20260427T0900,GENIUSUSDT,calm,2026-04-27T09:00Z,1777280400000,-7.6091,
GENIUSUSDT-L-20260430T0900,GENIUSUSDT,large,2026-04-30T09:00Z,1777539600000,25.9206,5
GENIUSUSDT-C-20260509T2100,GENIUSUSDT,calm,2026-05-09T21:00Z,1778360400000,-2.9376,
GENIUSUSDT-L-20260521T1700,GENIUSUSDT,large,2026-05-21T17:00Z,1779382800000,53.3699,1
GENIUSUSDT-C-20260525T0100,GENIUSUSDT,calm,2026-05-25T01:00Z,1779670800000,-10.1301,
GENIUSUSDT-L-20260528T1500,GENIUSUSDT,large,2026-05-28T15:00Z,1779980400000,-31.8827,3
GENIUSUSDT-L-20260602T0700,GENIUSUSDT,large,2026-06-02T07:00Z,1780383600000,28.7176,4
GENIUSUSDT-L-20260618T1600,GENIUSUSDT,large,2026-06-18T16:00Z,1781798400000,21.1055,6
GENIUSUSDT-C-20260624T1200,GENIUSUSDT,calm,2026-06-24T12:00Z,1782302400000,2.8212,
GENIUSUSDT-C-20260704T0100,GENIUSUSDT,calm,2026-07-04T01:00Z,1783126800000,1.4026,
GENIUSUSDT-C-20260809T0700,GENIUSUSDT,calm,2026-08-09T07:00Z,1786258800000,-1.0271,
GENIUSUSDT-C-20260821T0700,GENIUSUSDT,calm,2026-08-21T07:00Z,1787295600000,1.4014,
GRASSUSDT-C-20250902T1400,GRASSUSDT,calm,2025-09-02T14:00Z,1756821600000,-1.1923,
GRASSUSDT-L-20250923T0300,GRASSUSDT,large,2025-09-23T03:00Z,1758596400000,23.1275,15
GRASSUSDT-L-20250926T1000,GRASSUSDT,large,2025-09-26T10:00Z,1758880800000,20.2792,20
GRASSUSDT-C-20251002T0000,GRASSUSDT,calm,2025-10-02T00:00Z,1759363200000,19.4494,
GRASSUSDT-L-20251009T2200,GRASSUSDT,large,2025-10-09T22:00Z,1760047200000,-39.4907,3
GRASSUSDT-L-20251106T2000,GRASSUSDT,large,2025-11-06T20:00Z,1762459200000,27.4465,11
GRASSUSDT-C-20251112T1200,GRASSUSDT,calm,2025-11-12T12:00Z,1762948800000,-3.9890,
GRASSUSDT-L-20251117T1700,GRASSUSDT,large,2025-11-17T17:00Z,1763398800000,20.8950,19
GRASSUSDT-L-20251119T1700,GRASSUSDT,large,2025-11-19T17:00Z,1763571600000,88.5764,1
GRASSUSDT-C-20251207T1100,GRASSUSDT,calm,2025-12-07T11:00Z,1765105200000,-0.1222,
GRASSUSDT-C-20260109T0900,GRASSUSDT,calm,2026-01-09T09:00Z,1767949200000,8.5290,
GRASSUSDT-C-20260201T1200,GRASSUSDT,calm,2026-02-01T12:00Z,1769947200000,-4.2661,
GRASSUSDT-C-20260208T0800,GRASSUSDT,calm,2026-02-08T08:00Z,1770537600000,0.0000,
GRASSUSDT-L-20260211T0800,GRASSUSDT,large,2026-02-11T08:00Z,1770796800000,29.8490,7
GRASSUSDT-L-20260225T1400,GRASSUSDT,large,2026-02-25T14:00Z,1772028000000,28.8670,8
GRASSUSDT-L-20260228T0700,GRASSUSDT,large,2026-02-28T07:00Z,1772262000000,41.1824,2
GRASSUSDT-L-20260316T0300,GRASSUSDT,large,2026-03-16T03:00Z,1773630000000,28.7795,9
GRASSUSDT-C-20260324T1000,GRASSUSDT,calm,2026-03-24T10:00Z,1774346400000,1.3045,
GRASSUSDT-L-20260409T1100,GRASSUSDT,large,2026-04-09T11:00Z,1775732400000,22.0351,16
GRASSUSDT-C-20260418T0000,GRASSUSDT,calm,2026-04-18T00:00Z,1776470400000,-8.6086,
GRASSUSDT-L-20260421T0400,GRASSUSDT,large,2026-04-21T04:00Z,1776744000000,26.4128,13
GRASSUSDT-L-20260424T0100,GRASSUSDT,large,2026-04-24T01:00Z,1776992400000,-21.0140,18
GRASSUSDT-C-20260427T1400,GRASSUSDT,calm,2026-04-27T14:00Z,1777298400000,-8.2906,
GRASSUSDT-C-20260508T0900,GRASSUSDT,calm,2026-05-08T09:00Z,1778230800000,5.1366,
GRASSUSDT-C-20260512T2000,GRASSUSDT,calm,2026-05-12T20:00Z,1778616000000,-4.7425,
GRASSUSDT-C-20260512T2300,GRASSUSDT,calm,2026-05-12T23:00Z,1778626800000,-4.3781,
GRASSUSDT-L-20260520T2300,GRASSUSDT,large,2026-05-20T23:00Z,1779318000000,30.2529,6
GRASSUSDT-L-20260523T0200,GRASSUSDT,large,2026-05-23T02:00Z,1779501600000,37.0501,4
GRASSUSDT-C-20260531T0900,GRASSUSDT,calm,2026-05-31T09:00Z,1780218000000,-8.2116,
GRASSUSDT-L-20260603T1500,GRASSUSDT,large,2026-06-03T15:00Z,1780498800000,-27.0230,12
GRASSUSDT-C-20260608T2100,GRASSUSDT,calm,2026-06-08T21:00Z,1780952400000,-1.0110,
GRASSUSDT-L-20260614T1600,GRASSUSDT,large,2026-06-14T16:00Z,1781452800000,28.1925,10
GRASSUSDT-L-20260617T1600,GRASSUSDT,large,2026-06-17T16:00Z,1781712000000,-21.2736,17
GRASSUSDT-C-20260630T0700,GRASSUSDT,calm,2026-06-30T07:00Z,1782802800000,4.8258,
GRASSUSDT-L-20260707T0600,GRASSUSDT,large,2026-07-07T06:00Z,1783404000000,-35.5688,5
GRASSUSDT-C-20260804T1600,GRASSUSDT,calm,2026-08-04T16:00Z,1785859200000,1.9752,
GRASSUSDT-C-20260808T0900,GRASSUSDT,calm,2026-08-08T09:00Z,1786179600000,-1.1137,
GRASSUSDT-L-20260823T0800,GRASSUSDT,large,2026-08-23T08:00Z,1787472000000,26.3880,14
GRASSUSDT-C-20260826T1100,GRASSUSDT,calm,2026-08-26T11:00Z,1787742000000,5.2326,
GRASSUSDT-C-20260828T0300,GRASSUSDT,calm,2026-08-28T03:00Z,1787886000000,-2.3598,
ILVUSDT-L-20250921T0800,ILVUSDT,large,2025-09-21T08:00Z,1758441600000,-13.2950,17
ILVUSDT-L-20251001T2100,ILVUSDT,large,2025-10-01T21:00Z,1759352400000,22.5157,5
ILVUSDT-L-20251010T1300,ILVUSDT,large,2025-10-10T13:00Z,1760101200000,-29.7617,3
ILVUSDT-L-20251012T1400,ILVUSDT,large,2025-10-12T14:00Z,1760277600000,11.4281,20
ILVUSDT-L-20251026T0600,ILVUSDT,large,2025-10-26T06:00Z,1761458400000,14.1149,13
ILVUSDT-L-20251029T2000,ILVUSDT,large,2025-10-29T20:00Z,1761768000000,-12.5782,18
ILVUSDT-L-20251107T1600,ILVUSDT,large,2025-11-07T16:00Z,1762531200000,40.0654,2
ILVUSDT-L-20251120T1300,ILVUSDT,large,2025-11-20T13:00Z,1763643600000,-15.8641,11
ILVUSDT-L-20251123T1500,ILVUSDT,large,2025-11-23T15:00Z,1763910000000,15.0520,12
ILVUSDT-C-20251127T0200,ILVUSDT,calm,2025-11-27T02:00Z,1764208800000,-3.3375,
ILVUSDT-L-20251130T1800,ILVUSDT,large,2025-11-30T18:00Z,1764525600000,-12.1164,19
ILVUSDT-C-20251208T1700,ILVUSDT,calm,2025-12-08T17:00Z,1765213200000,2.5861,
ILVUSDT-C-20251215T0400,ILVUSDT,calm,2025-12-15T04:00Z,1765771200000,-5.7890,
ILVUSDT-C-20260101T2200,ILVUSDT,calm,2026-01-01T22:00Z,1767304800000,2.8716,
ILVUSDT-C-20260104T2200,ILVUSDT,calm,2026-01-04T22:00Z,1767564000000,1.5203,
ILVUSDT-L-20260116T1600,ILVUSDT,large,2026-01-16T16:00Z,1768579200000,23.1785,4
ILVUSDT-L-20260130T1900,ILVUSDT,large,2026-01-30T19:00Z,1769799600000,-16.3611,10
ILVUSDT-L-20260205T0100,ILVUSDT,large,2026-02-05T01:00Z,1770253200000,-16.7970,9
ILVUSDT-L-20260308T0300,ILVUSDT,large,2026-03-08T03:00Z,1772938800000,13.5277,16
ILVUSDT-L-20260311T1600,ILVUSDT,large,2026-03-11T16:00Z,1773244800000,17.2098,8
ILVUSDT-L-20260331T1000,ILVUSDT,large,2026-03-31T10:00Z,1774951200000,17.4078,7
ILVUSDT-L-20260409T1400,ILVUSDT,large,2026-04-09T14:00Z,1775743200000,52.3097,1
ILVUSDT-L-20260424T1000,ILVUSDT,large,2026-04-24T10:00Z,1777024800000,13.7603,14
ILVUSDT-C-20260502T0100,ILVUSDT,calm,2026-05-02T01:00Z,1777683600000,0.8904,
ILVUSDT-C-20260502T1900,ILVUSDT,calm,2026-05-02T19:00Z,1777748400000,-2.5840,
ILVUSDT-C-20260506T2000,ILVUSDT,calm,2026-05-06T20:00Z,1778097600000,6.0281,
ILVUSDT-C-20260510T1200,ILVUSDT,calm,2026-05-10T12:00Z,1778414400000,1.6341,
ILVUSDT-C-20260521T1500,ILVUSDT,calm,2026-05-21T15:00Z,1779375600000,1.4192,
ILVUSDT-C-20260607T1300,ILVUSDT,calm,2026-06-07T13:00Z,1780837200000,2.4082,
ILVUSDT-C-20260609T0600,ILVUSDT,calm,2026-06-09T06:00Z,1780984800000,-4.0422,
ILVUSDT-C-20260615T0000,ILVUSDT,calm,2026-06-15T00:00Z,1781481600000,1.3925,
ILVUSDT-C-20260701T1400,ILVUSDT,calm,2026-07-01T14:00Z,1782914400000,6.5591,
ILVUSDT-C-20260702T1100,ILVUSDT,calm,2026-07-02T11:00Z,1782990000000,5.9560,
ILVUSDT-C-20260720T1700,ILVUSDT,calm,2026-07-20T17:00Z,1784566800000,2.4423,
ILVUSDT-C-20260723T0500,ILVUSDT,calm,2026-07-23T05:00Z,1784782800000,-1.8900,
ILVUSDT-C-20260730T1100,ILVUSDT,calm,2026-07-30T11:00Z,1785409200000,-2.1739,
ILVUSDT-C-20260730T1600,ILVUSDT,calm,2026-07-30T16:00Z,1785427200000,-2.3048,
ILVUSDT-L-20260813T1800,ILVUSDT,large,2026-08-13T18:00Z,1786644000000,19.4308,6
ILVUSDT-L-20260821T0500,ILVUSDT,large,2026-08-21T05:00Z,1787288400000,13.6165,15
ILVUSDT-C-20260828T1600,ILVUSDT,calm,2026-08-28T16:00Z,1787932800000,1.7986,
ONUSDT-L-20251028T2200,ONUSDT,large,2025-10-28T22:00Z,1761688800000,-30.6907,14
ONUSDT-L-20251102T1600,ONUSDT,large,2025-11-02T16:00Z,1762099200000,-29.0718,16
ONUSDT-C-20251111T0200,ONUSDT,calm,2025-11-11T02:00Z,1762826400000,-0.7873,
ONUSDT-C-20251111T0400,ONUSDT,calm,2025-11-11T04:00Z,1762833600000,6.0782,
ONUSDT-C-20251115T0400,ONUSDT,calm,2025-11-15T04:00Z,1763179200000,-2.7641,
ONUSDT-L-20251120T0000,ONUSDT,large,2025-11-20T00:00Z,1763596800000,28.1174,17
ONUSDT-C-20251228T1500,ONUSDT,calm,2025-12-28T15:00Z,1766934000000,-0.1018,
ONUSDT-C-20260102T1100,ONUSDT,calm,2026-01-02T11:00Z,1767351600000,0.0552,
ONUSDT-C-20260103T1400,ONUSDT,calm,2026-01-03T14:00Z,1767448800000,-2.6743,
ONUSDT-C-20260112T2000,ONUSDT,calm,2026-01-12T20:00Z,1768248000000,-0.2526,
ONUSDT-C-20260210T1800,ONUSDT,calm,2026-02-10T18:00Z,1770746400000,3.1298,
ONUSDT-L-20260214T0200,ONUSDT,large,2026-02-14T02:00Z,1771034400000,40.3998,8
ONUSDT-C-20260308T1200,ONUSDT,calm,2026-03-08T12:00Z,1772971200000,10.9409,
ONUSDT-C-20260321T1100,ONUSDT,calm,2026-03-21T11:00Z,1774090800000,-2.8089,
ONUSDT-C-20260322T1300,ONUSDT,calm,2026-03-22T13:00Z,1774184400000,3.3925,
ONUSDT-L-20260326T1900,ONUSDT,large,2026-03-26T19:00Z,1774551600000,104.0466,1
ONUSDT-L-20260401T0900,ONUSDT,large,2026-04-01T09:00Z,1775034000000,52.4852,6
ONUSDT-L-20260413T0000,ONUSDT,large,2026-04-13T00:00Z,1776038400000,94.9656,2
ONUSDT-L-20260416T1300,ONUSDT,large,2026-04-16T13:00Z,1776344400000,-29.2262,15
ONUSDT-L-20260420T1800,ONUSDT,large,2026-04-20T18:00Z,1776708000000,36.8758,11
ONUSDT-L-20260501T0400,ONUSDT,large,2026-05-01T04:00Z,1777608000000,37.4493,10
ONUSDT-L-20260508T1100,ONUSDT,large,2026-05-08T11:00Z,1778238000000,32.2747,12
ONUSDT-C-20260511T1200,ONUSDT,calm,2026-05-11T12:00Z,1778500800000,-4.7184,
ONUSDT-C-20260519T1900,ONUSDT,calm,2026-05-19T19:00Z,1779217200000,3.0663,
ONUSDT-C-20260627T1700,ONUSDT,calm,2026-06-27T17:00Z,1782579600000,-2.1989,
ONUSDT-C-20260630T0000,ONUSDT,calm,2026-06-30T00:00Z,1782777600000,-5.7909,
ONUSDT-C-20260712T1000,ONUSDT,calm,2026-07-12T10:00Z,1783850400000,7.8638,
ONUSDT-L-20260720T0400,ONUSDT,large,2026-07-20T04:00Z,1784520000000,45.9847,7
ONUSDT-L-20260722T0800,ONUSDT,large,2026-07-22T08:00Z,1784707200000,56.3187,5
ONUSDT-L-20260724T1000,ONUSDT,large,2026-07-24T10:00Z,1784887200000,-38.8958,9
ONUSDT-L-20260727T2300,ONUSDT,large,2026-07-27T23:00Z,1785193200000,85.6490,3
ONUSDT-L-20260730T0000,ONUSDT,large,2026-07-30T00:00Z,1785369600000,-30.7499,13
ONUSDT-L-20260806T0500,ONUSDT,large,2026-08-06T05:00Z,1785992400000,67.0063,4
ONUSDT-C-20260818T1700,ONUSDT,calm,2026-08-18T17:00Z,1787072400000,-5.5257,
PIPPINUSDT-L-20250905T0300,PIPPINUSDT,large,2025-09-05T03:00Z,1757041200000,52.1345,17
PIPPINUSDT-C-20250916T0900,PIPPINUSDT,calm,2025-09-16T09:00Z,1758013200000,1.9211,
PIPPINUSDT-C-20251004T1300,PIPPINUSDT,calm,2025-10-04T13:00Z,1759582800000,-0.2820,
PIPPINUSDT-L-20251009T2300,PIPPINUSDT,large,2025-10-09T23:00Z,1760050800000,-51.9531,18
PIPPINUSDT-L-20251022T1900,PIPPINUSDT,large,2025-10-22T19:00Z,1761159600000,52.9966,16
PIPPINUSDT-L-20251024T2000,PIPPINUSDT,large,2025-10-24T20:00Z,1761336000000,138.8350,2
PIPPINUSDT-L-20251030T0600,PIPPINUSDT,large,2025-10-30T06:00Z,1761804000000,116.5409,4
PIPPINUSDT-C-20251118T1200,PIPPINUSDT,calm,2025-11-18T12:00Z,1763467200000,-5.8952,
PIPPINUSDT-L-20251122T0700,PIPPINUSDT,large,2025-11-22T07:00Z,1763794800000,270.7406,1
PIPPINUSDT-L-20251124T0700,PIPPINUSDT,large,2025-11-24T07:00Z,1763967600000,60.1090,9
PIPPINUSDT-L-20251128T1900,PIPPINUSDT,large,2025-11-28T19:00Z,1764356400000,117.1161,3
PIPPINUSDT-L-20251201T0900,PIPPINUSDT,large,2025-12-01T09:00Z,1764579600000,58.3490,11
PIPPINUSDT-L-20251205T1100,PIPPINUSDT,large,2025-12-05T11:00Z,1764932400000,60.0749,10
PIPPINUSDT-L-20251209T1100,PIPPINUSDT,large,2025-12-09T11:00Z,1765278000000,99.3678,5
PIPPINUSDT-C-20251214T1700,PIPPINUSDT,calm,2025-12-14T17:00Z,1765731600000,13.2049,
PIPPINUSDT-L-20251222T2100,PIPPINUSDT,large,2025-12-22T21:00Z,1766437200000,51.6509,19
PIPPINUSDT-L-20260107T2000,PIPPINUSDT,large,2026-01-07T20:00Z,1767816000000,54.0781,14
PIPPINUSDT-C-20260119T0200,PIPPINUSDT,calm,2026-01-19T02:00Z,1768788000000,0.7114,
PIPPINUSDT-L-20260127T0400,PIPPINUSDT,large,2026-01-27T04:00Z,1769486400000,73.9328,7
PIPPINUSDT-C-20260202T1200,PIPPINUSDT,calm,2026-02-02T12:00Z,1770033600000,0.0735,
PIPPINUSDT-L-20260208T0800,PIPPINUSDT,large,2026-02-08T08:00Z,1770537600000,52.9970,15
PIPPINUSDT-C-20260221T2200,PIPPINUSDT,calm,2026-02-21T22:00Z,1771711200000,26.6583,
PIPPINUSDT-C-20260222T1400,PIPPINUSDT,calm,2026-02-22T14:00Z,1771768800000,15.4836,
PIPPINUSDT-L-20260316T0400,PIPPINUSDT,large,2026-03-16T04:00Z,1773633600000,-55.1437,13
PIPPINUSDT-C-20260323T0100,PIPPINUSDT,calm,2026-03-23T01:00Z,1774227600000,-17.2732,
PIPPINUSDT-C-20260326T1000,PIPPINUSDT,calm,2026-03-26T10:00Z,1774519200000,-1.8120,
PIPPINUSDT-L-20260331T1600,PIPPINUSDT,large,2026-03-31T16:00Z,1774972800000,49.1214,20
PIPPINUSDT-L-20260403T0200,PIPPINUSDT,large,2026-04-03T02:00Z,1775181600000,-56.6817,12
PIPPINUSDT-C-20260407T0600,PIPPINUSDT,calm,2026-04-07T06:00Z,1775541600000,-1.8072,
PIPPINUSDT-L-20260416T0100,PIPPINUSDT,large,2026-04-16T01:00Z,1776301200000,60.5314,8
PIPPINUSDT-C-20260423T0700,PIPPINUSDT,calm,2026-04-23T07:00Z,1776927600000,4.4407,
PIPPINUSDT-C-20260522T1000,PIPPINUSDT,calm,2026-05-22T10:00Z,1779444000000,-8.7265,
PIPPINUSDT-C-20260523T1700,PIPPINUSDT,calm,2026-05-23T17:00Z,1779555600000,-0.0444,
PIPPINUSDT-L-20260607T2000,PIPPINUSDT,large,2026-06-07T20:00Z,1780862400000,78.5047,6
PIPPINUSDT-C-20260617T0000,PIPPINUSDT,calm,2026-06-17T00:00Z,1781654400000,-5.0783,
PIPPINUSDT-C-20260618T0800,PIPPINUSDT,calm,2026-06-18T08:00Z,1781769600000,-10.4284,
PIPPINUSDT-C-20260623T1400,PIPPINUSDT,calm,2026-06-23T14:00Z,1782223200000,4.8903,
PIPPINUSDT-C-20260708T1400,PIPPINUSDT,calm,2026-07-08T14:00Z,1783519200000,0.1174,
PIPPINUSDT-C-20260804T0600,PIPPINUSDT,calm,2026-08-04T06:00Z,1785823200000,-2.7088,
PIPPINUSDT-C-20260818T1700,PIPPINUSDT,calm,2026-08-18T17:00Z,1787072400000,-0.6619,
PROMUSDT-L-20250915T1800,PROMUSDT,large,2025-09-15T18:00Z,1757959200000,36.7534,9
PROMUSDT-C-20250919T0800,PROMUSDT,calm,2025-09-19T08:00Z,1758268800000,-0.8360,
PROMUSDT-C-20251031T1500,PROMUSDT,calm,2025-10-31T15:00Z,1761922800000,1.8924,
PROMUSDT-L-20251111T0300,PROMUSDT,large,2025-11-11T03:00Z,1762830000000,18.7795,20
PROMUSDT-C-20251114T1000,PROMUSDT,calm,2025-11-14T10:00Z,1763114400000,-1.0840,
PROMUSDT-C-20251127T1000,PROMUSDT,calm,2025-11-27T10:00Z,1764237600000,3.8936,
PROMUSDT-C-20251202T0400,PROMUSDT,calm,2025-12-02T04:00Z,1764648000000,0.2603,
PROMUSDT-C-20251202T0900,PROMUSDT,calm,2025-12-02T09:00Z,1764666000000,0.0110,
PROMUSDT-L-20260111T2000,PROMUSDT,large,2026-01-11T20:00Z,1768161600000,20.4316,18
PROMUSDT-L-20260115T0700,PROMUSDT,large,2026-01-15T07:00Z,1768460400000,-44.5123,6
PROMUSDT-L-20260119T0300,PROMUSDT,large,2026-01-19T03:00Z,1768791600000,-25.5143,13
PROMUSDT-C-20260130T1300,PROMUSDT,calm,2026-01-30T13:00Z,1769778000000,-3.9326,
PROMUSDT-C-20260130T1600,PROMUSDT,calm,2026-01-30T16:00Z,1769788800000,-11.1907,
PROMUSDT-L-20260205T0100,PROMUSDT,large,2026-02-05T01:00Z,1770253200000,-19.2478,19
PROMUSDT-L-20260216T0700,PROMUSDT,large,2026-02-16T07:00Z,1771225200000,26.3118,11
PROMUSDT-C-20260304T1900,PROMUSDT,calm,2026-03-04T19:00Z,1772650800000,-3.8809,
PROMUSDT-C-20260313T1500,PROMUSDT,calm,2026-03-13T15:00Z,1773414000000,0.0894,
PROMUSDT-C-20260316T0500,PROMUSDT,calm,2026-03-16T05:00Z,1773637200000,5.8011,
PROMUSDT-C-20260401T0300,PROMUSDT,calm,2026-04-01T03:00Z,1775012400000,2.7411,
PROMUSDT-C-20260408T2000,PROMUSDT,calm,2026-04-08T20:00Z,1775678400000,1.9666,
PROMUSDT-L-20260412T1300,PROMUSDT,large,2026-04-12T13:00Z,1775998800000,24.0484,14
PROMUSDT-L-20260417T2300,PROMUSDT,large,2026-04-17T23:00Z,1776466800000,54.8427,3
PROMUSDT-L-20260426T0500,PROMUSDT,large,2026-04-26T05:00Z,1777179600000,21.5347,16
PROMUSDT-L-20260512T1300,PROMUSDT,large,2026-05-12T13:00Z,1778590800000,-22.3273,15
PROMUSDT-L-20260518T0300,PROMUSDT,large,2026-05-18T03:00Z,1779073200000,-36.8806,8
PROMUSDT-C-20260526T1600,PROMUSDT,calm,2026-05-26T16:00Z,1779811200000,-1.2556,
PROMUSDT-C-20260530T1800,PROMUSDT,calm,2026-05-30T18:00Z,1780164000000,-0.9728,
PROMUSDT-C-20260602T1800,PROMUSDT,calm,2026-06-02T18:00Z,1780423200000,2.9732,
PROMUSDT-C-20260621T0400,PROMUSDT,calm,2026-06-21T04:00Z,1782014400000,-5.6790,
PROMUSDT-C-20260622T1800,PROMUSDT,calm,2026-06-22T18:00Z,1782151200000,-6.9519,
PROMUSDT-C-20260712T1500,PROMUSDT,calm,2026-07-12T15:00Z,1783868400000,-4.3143,
PROMUSDT-L-20260719T1500,PROMUSDT,large,2026-07-19T15:00Z,1784473200000,77.1041,1
PROMUSDT-L-20260723T0300,PROMUSDT,large,2026-07-23T03:00Z,1784775600000,38.9794,7
PROMUSDT-C-20260728T2200,PROMUSDT,calm,2026-07-28T22:00Z,1785276000000,-0.8441,
PROMUSDT-L-20260801T0000,PROMUSDT,large,2026-08-01T00:00Z,1785542400000,20.4797,17
PROMUSDT-L-20260811T1500,PROMUSDT,large,2026-08-11T15:00Z,1786460400000,68.7696,2
PROMUSDT-L-20260820T0800,PROMUSDT,large,2026-08-20T08:00Z,1787212800000,33.6438,10
PROMUSDT-L-20260823T1100,PROMUSDT,large,2026-08-23T11:00Z,1787482800000,47.2768,5
PROMUSDT-L-20260826T1800,PROMUSDT,large,2026-08-26T18:00Z,1787767200000,26.0870,12
PROMUSDT-L-20260829T0300,PROMUSDT,large,2026-08-29T03:00Z,1787972400000,52.0904,4
REZUSDT-C-20250911T0600,REZUSDT,calm,2025-09-11T06:00Z,1757570400000,1.5900,
REZUSDT-L-20250917T1000,REZUSDT,large,2025-09-17T10:00Z,1758103200000,16.4844,10
REZUSDT-L-20250921T2100,REZUSDT,large,2025-09-21T21:00Z,1758488400000,-15.3673,11
REZUSDT-C-20250926T0300,REZUSDT,calm,2025-09-26T03:00Z,1758855600000,1.4388,
REZUSDT-L-20251006T0500,REZUSDT,large,2025-10-06T05:00Z,1759726800000,17.7743,7
REZUSDT-L-20251009T1100,REZUSDT,large,2025-10-09T11:00Z,1760007600000,18.8218,5
REZUSDT-L-20251011T2100,REZUSDT,large,2025-10-11T21:00Z,1760216400000,35.3376,2
REZUSDT-L-20251014T0700,REZUSDT,large,2025-10-14T07:00Z,1760425200000,14.0381,20
REZUSDT-C-20251019T1900,REZUSDT,calm,2025-10-19T19:00Z,1760900400000,-2.5619,
REZUSDT-L-20251029T1800,REZUSDT,large,2025-10-29T18:00Z,1761760800000,-16.5306,9
REZUSDT-L-20251119T1600,REZUSDT,large,2025-11-19T16:00Z,1763568000000,15.3300,12
REZUSDT-C-20251124T1800,REZUSDT,calm,2025-11-24T18:00Z,1764007200000,5.7319,
REZUSDT-C-20251126T0200,REZUSDT,calm,2025-11-26T02:00Z,1764122400000,-0.3964,
REZUSDT-C-20251215T0500,REZUSDT,calm,2025-12-15T05:00Z,1765774800000,-5.4653,
REZUSDT-L-20251230T1900,REZUSDT,large,2025-12-30T19:00Z,1767121200000,18.1178,6
REZUSDT-L-20260111T0700,REZUSDT,large,2026-01-11T07:00Z,1768114800000,14.8753,16
REZUSDT-C-20260119T1300,REZUSDT,calm,2026-01-19T13:00Z,1768827600000,0.7088,
REZUSDT-C-20260125T1100,REZUSDT,calm,2026-01-25T11:00Z,1769338800000,-3.0961,
REZUSDT-L-20260130T2000,REZUSDT,large,2026-01-30T20:00Z,1769803200000,-15.1755,14
REZUSDT-L-20260205T0100,REZUSDT,large,2026-02-05T01:00Z,1770253200000,-14.3635,18
REZUSDT-C-20260214T2000,REZUSDT,calm,2026-02-14T20:00Z,1771099200000,-6.4243,
REZUSDT-C-20260217T1300,REZUSDT,calm,2026-02-17T13:00Z,1771333200000,-5.2145,
REZUSDT-C-20260310T0800,REZUSDT,calm,2026-03-10T08:00Z,1773129600000,-3.4317,
REZUSDT-L-20260314T2100,REZUSDT,large,2026-03-14T21:00Z,1773522000000,43.3826,1
REZUSDT-C-20260402T1300,REZUSDT,calm,2026-04-02T13:00Z,1775134800000,-1.9103,
REZUSDT-C-20260407T1400,REZUSDT,calm,2026-04-07T14:00Z,1775570400000,4.9896,
REZUSDT-C-20260411T1500,REZUSDT,calm,2026-04-11T15:00Z,1775919600000,-2.4829,
REZUSDT-C-20260414T1100,REZUSDT,calm,2026-04-14T11:00Z,1776164400000,2.2093,
REZUSDT-L-20260427T2000,REZUSDT,large,2026-04-27T20:00Z,1777320000000,14.1716,19
REZUSDT-L-20260502T1600,REZUSDT,large,2026-05-02T16:00Z,1777737600000,19.8403,3
REZUSDT-L-20260507T0400,REZUSDT,large,2026-05-07T04:00Z,1778126400000,19.4763,4
REZUSDT-L-20260513T0900,REZUSDT,large,2026-05-13T09:00Z,1778662800000,-15.0435,15
REZUSDT-C-20260516T2100,REZUSDT,calm,2026-05-16T21:00Z,1778965200000,-0.1137,
REZUSDT-C-20260521T2200,REZUSDT,calm,2026-05-21T22:00Z,1779400800000,-4.4529,
REZUSDT-C-20260521T2300,REZUSDT,calm,2026-05-21T23:00Z,1779404400000,-4.8791,
REZUSDT-C-20260608T2300,REZUSDT,calm,2026-06-08T23:00Z,1780959600000,-4.8936,
REZUSDT-L-20260625T1400,REZUSDT,large,2026-06-25T14:00Z,1782396000000,17.4936,8
REZUSDT-L-20260728T0600,REZUSDT,large,2026-07-28T06:00Z,1785218400000,-14.6721,17
REZUSDT-C-20260809T0600,REZUSDT,calm,2026-08-09T06:00Z,1786255200000,4.6027,
REZUSDT-L-20260821T0500,REZUSDT,large,2026-08-21T05:00Z,1787288400000,15.2189,13
SUPERUSDT-C-20250910T1400,SUPERUSDT,calm,2025-09-10T14:00Z,1757512800000,0.0510,
SUPERUSDT-C-20250913T1300,SUPERUSDT,calm,2025-09-13T13:00Z,1757768400000,-3.3772,
SUPERUSDT-L-20250928T1200,SUPERUSDT,large,2025-09-28T12:00Z,1759060800000,72.8233,1
SUPERUSDT-L-20251001T0900,SUPERUSDT,large,2025-10-01T09:00Z,1759309200000,16.6892,12
SUPERUSDT-L-20251009T2200,SUPERUSDT,large,2025-10-09T22:00Z,1760047200000,-31.2888,4
SUPERUSDT-L-20251011T2200,SUPERUSDT,large,2025-10-11T22:00Z,1760220000000,14.0993,17
SUPERUSDT-L-20251016T0900,SUPERUSDT,large,2025-10-16T09:00Z,1760605200000,-18.3191,10
SUPERUSDT-L-20251102T2100,SUPERUSDT,large,2025-11-02T21:00Z,1762117200000,-13.4610,18
SUPERUSDT-L-20251106T2100,SUPERUSDT,large,2025-11-06T21:00Z,1762462800000,14.3840,15
SUPERUSDT-L-20251113T0500,SUPERUSDT,large,2025-11-13T05:00Z,1763010000000,-13.3201,19
SUPERUSDT-L-20251120T1300,SUPERUSDT,large,2025-11-20T13:00Z,1763643600000,-17.5894,11
SUPERUSDT-L-20251126T1200,SUPERUSDT,large,2025-11-26T12:00Z,1764158400000,38.4653,2
SUPERUSDT-L-20251201T1600,SUPERUSDT,large,2025-12-01T16:00Z,1764604800000,21.3679,8
SUPERUSDT-L-20251209T1300,SUPERUSDT,large,2025-12-09T13:00Z,1765285200000,14.1614,16
SUPERUSDT-C-20260101T1000,SUPERUSDT,calm,2026-01-01T10:00Z,1767261600000,5.6846,
SUPERUSDT-L-20260130T2000,SUPERUSDT,large,2026-01-30T20:00Z,1769803200000,-15.0416,14
SUPERUSDT-L-20260204T2100,SUPERUSDT,large,2026-02-04T21:00Z,1770238800000,-16.1083,13
SUPERUSDT-C-20260210T0100,SUPERUSDT,calm,2026-02-10T01:00Z,1770685200000,-1.4766,
SUPERUSDT-C-20260215T1600,SUPERUSDT,calm,2026-02-15T16:00Z,1771171200000,1.3481,
SUPERUSDT-C-20260219T1500,SUPERUSDT,calm,2026-02-19T15:00Z,1771513200000,-3.3552,
SUPERUSDT-C-20260219T1800,SUPERUSDT,calm,2026-02-19T18:00Z,1771524000000,-0.6595,
SUPERUSDT-L-20260325T0200,SUPERUSDT,large,2026-03-25T02:00Z,1774404000000,23.9564,7
SUPERUSDT-L-20260405T1500,SUPERUSDT,large,2026-04-05T15:00Z,1775401200000,34.3584,3
SUPERUSDT-C-20260409T0400,SUPERUSDT,calm,2026-04-09T04:00Z,1775707200000,-5.5377,
SUPERUSDT-C-20260413T0000,SUPERUSDT,calm,2026-04-13T00:00Z,1776038400000,3.6630,
SUPERUSDT-L-20260419T1100,SUPERUSDT,large,2026-04-19T11:00Z,1776596400000,28.1579,5
SUPERUSDT-C-20260502T0200,SUPERUSDT,calm,2026-05-02T02:00Z,1777687200000,2.4938,
SUPERUSDT-C-20260504T2300,SUPERUSDT,calm,2026-05-04T23:00Z,1777935600000,2.2970,
SUPERUSDT-C-20260513T1400,SUPERUSDT,calm,2026-05-13T14:00Z,1778680800000,-1.7241,
SUPERUSDT-L-20260523T0300,SUPERUSDT,large,2026-05-23T03:00Z,1779505200000,20.0359,9
SUPERUSDT-C-20260606T0400,SUPERUSDT,calm,2026-06-06T04:00Z,1780718400000,3.3333,
SUPERUSDT-C-20260606T2300,SUPERUSDT,calm,2026-06-06T23:00Z,1780786800000,3.4444,
SUPERUSDT-C-20260609T0800,SUPERUSDT,calm,2026-06-09T08:00Z,1780992000000,-0.4310,
SUPERUSDT-C-20260626T0400,SUPERUSDT,calm,2026-06-26T04:00Z,1782446400000,1.5205,
SUPERUSDT-C-20260705T1000,SUPERUSDT,calm,2026-07-05T10:00Z,1783245600000,0.5727,
SUPERUSDT-C-20260706T0100,SUPERUSDT,calm,2026-07-06T01:00Z,1783299600000,-0.6667,
SUPERUSDT-C-20260716T2000,SUPERUSDT,calm,2026-07-16T20:00Z,1784232000000,-0.8245,
SUPERUSDT-C-20260720T2000,SUPERUSDT,calm,2026-07-20T20:00Z,1784577600000,1.7730,
SUPERUSDT-L-20260820T0900,SUPERUSDT,large,2026-08-20T09:00Z,1787216400000,13.1202,20
SUPERUSDT-L-20260823T1400,SUPERUSDT,large,2026-08-23T14:00Z,1787493600000,27.9910,6
SWARMSUSDT-L-20250911T2000,SWARMSUSDT,large,2025-09-11T20:00Z,1757620800000,23.4862,18
SWARMSUSDT-C-20250930T0900,SWARMSUSDT,calm,2025-09-30T09:00Z,1759222800000,6.1073,
SWARMSUSDT-L-20251010T0200,SWARMSUSDT,large,2025-10-10T02:00Z,1760061600000,-39.9430,6
SWARMSUSDT-C-20251016T0100,SWARMSUSDT,calm,2025-10-16T01:00Z,1760576400000,0.6512,
SWARMSUSDT-L-20251030T1600,SWARMSUSDT,large,2025-10-30T16:00Z,1761840000000,25.5668,16
SWARMSUSDT-L-20251105T0000,SWARMSUSDT,large,2025-11-05T00:00Z,1762300800000,34.5916,9
SWARMSUSDT-C-20251125T0200,SWARMSUSDT,calm,2025-11-25T02:00Z,1764036000000,4.1872,
SWARMSUSDT-C-20251130T2300,SWARMSUSDT,calm,2025-11-30T23:00Z,1764543600000,-16.2272,
SWARMSUSDT-L-20251205T1700,SWARMSUSDT,large,2025-12-05T17:00Z,1764954000000,55.3304,2
SWARMSUSDT-L-20251214T1700,SWARMSUSDT,large,2025-12-14T17:00Z,1765731600000,43.4360,4
SWARMSUSDT-L-20251216T1700,SWARMSUSDT,large,2025-12-16T17:00Z,1765904400000,-22.6673,19
SWARMSUSDT-L-20251220T0600,SWARMSUSDT,large,2025-12-20T06:00Z,1766210400000,23.6909,17
SWARMSUSDT-C-20260101T1400,SWARMSUSDT,calm,2026-01-01T14:00Z,1767276000000,4.2583,
SWARMSUSDT-C-20260112T0800,SWARMSUSDT,calm,2026-01-12T08:00Z,1768204800000,-5.3325,
SWARMSUSDT-C-20260114T1200,SWARMSUSDT,calm,2026-01-14T12:00Z,1768392000000,-2.6122,
SWARMSUSDT-C-20260124T1600,SWARMSUSDT,calm,2026-01-24T16:00Z,1769270400000,-4.5455,
SWARMSUSDT-L-20260130T1900,SWARMSUSDT,large,2026-01-30T19:00Z,1769799600000,-34.0641,10
SWARMSUSDT-C-20260210T1000,SWARMSUSDT,calm,2026-02-10T10:00Z,1770717600000,-3.4483,
SWARMSUSDT-C-20260214T2200,SWARMSUSDT,calm,2026-02-14T22:00Z,1771106400000,-3.9897,
SWARMSUSDT-L-20260224T1300,SWARMSUSDT,large,2026-02-24T13:00Z,1771938000000,22.3881,20
SWARMSUSDT-C-20260309T1200,SWARMSUSDT,calm,2026-03-09T12:00Z,1773057600000,2.3455,
SWARMSUSDT-L-20260403T2200,SWARMSUSDT,large,2026-04-03T22:00Z,1775253600000,26.4830,15
SWARMSUSDT-L-20260407T0000,SWARMSUSDT,large,2026-04-07T00:00Z,1775520000000,57.7497,1
SWARMSUSDT-C-20260411T0000,SWARMSUSDT,calm,2026-04-11T00:00Z,1775865600000,1.0062,
SWARMSUSDT-L-20260416T0000,SWARMSUSDT,large,2026-04-16T00:00Z,1776297600000,32.4128,12
SWARMSUSDT-L-20260426T1600,SWARMSUSDT,large,2026-04-26T16:00Z,1777219200000,45.0846,3
SWARMSUSDT-L-20260429T0500,SWARMSUSDT,large,2026-04-29T05:00Z,1777438800000,42.4208,5
SWARMSUSDT-L-20260504T0400,SWARMSUSDT,large,2026-05-04T04:00Z,1777867200000,35.7262,7
SWARMSUSDT-C-20260508T0100,SWARMSUSDT,calm,2026-05-08T01:00Z,1778202000000,-4.1078,
SWARMSUSDT-L-20260513T1200,SWARMSUSDT,large,2026-05-13T12:00Z,1778673600000,-32.7065,11
SWARMSUSDT-L-20260521T0600,SWARMSUSDT,large,2026-05-21T06:00Z,1779343200000,-31.6334,13
SWARMSUSDT-L-20260528T1300,SWARMSUSDT,large,2026-05-28T13:00Z,1779973200000,-35.6110,8
SWARMSUSDT-C-20260608T1200,SWARMSUSDT,calm,2026-06-08T12:00Z,1780920000000,4.0936,
SWARMSUSDT-C-20260624T0100,SWARMSUSDT,calm,2026-06-24T01:00Z,1782262800000,-8.7000,
SWARMSUSDT-C-20260718T0700,SWARMSUSDT,calm,2026-07-18T07:00Z,1784358000000,4.4994,
SWARMSUSDT-C-20260807T0900,SWARMSUSDT,calm,2026-08-07T09:00Z,1786093200000,9.8873,
SWARMSUSDT-C-20260818T2000,SWARMSUSDT,calm,2026-08-18T20:00Z,1787083200000,-2.8793,
SWARMSUSDT-L-20260822T0500,SWARMSUSDT,large,2026-08-22T05:00Z,1787374800000,-26.7378,14
SWARMSUSDT-C-20260826T0300,SWARMSUSDT,calm,2026-08-26T03:00Z,1787713200000,3.8657,
SWARMSUSDT-C-20260826T0500,SWARMSUSDT,calm,2026-08-26T05:00Z,1787720400000,5.1301,
SXTUSDT-L-20250917T1500,SXTUSDT,large,2025-09-17T15:00Z,1758121200000,12.8113,18
SXTUSDT-L-20250921T1300,SXTUSDT,large,2025-09-21T13:00Z,1758459600000,-16.2898,9
SXTUSDT-L-20251009T2300,SXTUSDT,large,2025-10-09T23:00Z,1760050800000,-32.3193,5
SXTUSDT-L-20251013T2100,SXTUSDT,large,2025-10-13T21:00Z,1760389200000,-14.0034,14
SXTUSDT-C-20251020T1800,SXTUSDT,calm,2025-10-20T18:00Z,1760983200000,3.4645,
SXTUSDT-C-20251021T2100,SXTUSDT,calm,2025-10-21T21:00Z,1761080400000,-7.2089,
SXTUSDT-C-20251026T1300,SXTUSDT,calm,2025-10-26T13:00Z,1761483600000,-3.6545,
SXTUSDT-C-20251031T1900,SXTUSDT,calm,2025-10-31T19:00Z,1761937200000,2.3395,
SXTUSDT-L-20251106T1800,SXTUSDT,large,2025-11-06T18:00Z,1762452000000,14.9520,11
SXTUSDT-C-20251127T1200,SXTUSDT,calm,2025-11-27T12:00Z,1764244800000,4.1387,
SXTUSDT-C-20251205T0000,SXTUSDT,calm,2025-12-05T00:00Z,1764892800000,-3.8168,
SXTUSDT-C-20251208T1800,SXTUSDT,calm,2025-12-08T18:00Z,1765216800000,7.6707,
SXTUSDT-C-20251211T1200,SXTUSDT,calm,2025-12-11T12:00Z,1765454400000,4.6137,
SXTUSDT-C-20251224T0400,SXTUSDT,calm,2025-12-24T04:00Z,1766548800000,1.6174,
SXTUSDT-C-20260105T1000,SXTUSDT,calm,2026-01-05T10:00Z,1767607200000,4.0556,
SXTUSDT-L-20260112T2300,SXTUSDT,large,2026-01-12T23:00Z,1768258800000,13.8039,15
SXTUSDT-L-20260120T1200,SXTUSDT,large,2026-01-20T12:00Z,1768910400000,58.2698,1
SXTUSDT-L-20260124T2100,SXTUSDT,large,2026-01-24T21:00Z,1769288400000,-12.4421,20
SXTUSDT-L-20260130T2000,SXTUSDT,large,2026-01-30T20:00Z,1769803200000,-13.6527,16
SXTUSDT-L-20260204T2100,SXTUSDT,large,2026-02-04T21:00Z,1770238800000,-14.3825,12
SXTUSDT-C-20260211T1100,SXTUSDT,calm,2026-02-11T11:00Z,1770807600000,5.7027,
SXTUSDT-L-20260223T0500,SXTUSDT,large,2026-02-23T05:00Z,1771822800000,20.4890,8
SXTUSDT-L-20260309T0500,SXTUSDT,large,2026-03-09T05:00Z,1773032400000,37.7999,3
SXTUSDT-C-20260322T1100,SXTUSDT,calm,2026-03-22T11:00Z,1774177200000,2.1861,
SXTUSDT-C-20260327T1400,SXTUSDT,calm,2026-03-27T14:00Z,1774620000000,-0.8573,
SXTUSDT-C-20260403T2200,SXTUSDT,calm,2026-04-03T22:00Z,1775253600000,2.2195,
SXTUSDT-C-20260421T2200,SXTUSDT,calm,2026-04-21T22:00Z,1776808800000,-3.4116,
SXTUSDT-C-20260424T1000,SXTUSDT,calm,2026-04-24T10:00Z,1777024800000,-0.2290,
SXTUSDT-L-20260506T0700,SXTUSDT,large,2026-05-06T07:00Z,1778050800000,-12.8783,17
SXTUSDT-C-20260511T0500,SXTUSDT,calm,2026-05-11T05:00Z,1778475600000,2.9286,
SXTUSDT-L-20260528T1200,SXTUSDT,large,2026-05-28T12:00Z,1779969600000,21.6955,7
SXTUSDT-L-20260605T0500,SXTUSDT,large,2026-06-05T05:00Z,1780635600000,-14.3162,13
SXTUSDT-L-20260610T1000,SXTUSDT,large,2026-06-10T10:00Z,1781085600000,32.7982,4
SXTUSDT-C-20260614T0900,SXTUSDT,calm,2026-06-14T09:00Z,1781427600000,-2.8677,
SXTUSDT-L-20260701T0700,SXTUSDT,large,2026-07-01T07:00Z,1782889200000,12.5810,19
SXTUSDT-L-20260710T1900,SXTUSDT,large,2026-07-10T19:00Z,1783710000000,41.8833,2
SXTUSDT-L-20260713T0900,SXTUSDT,large,2026-07-13T09:00Z,1783933200000,30.2495,6
SXTUSDT-C-20260717T1700,SXTUSDT,calm,2026-07-17T17:00Z,1784307600000,-0.8129,
SXTUSDT-C-20260729T0500,SXTUSDT,calm,2026-07-29T05:00Z,1785301200000,-2.1481,
SXTUSDT-L-20260822T0500,SXTUSDT,large,2026-08-22T05:00Z,1787374800000,-15.1756,10
TSMUSDT-L-20260407T1600,TSMUSDT,large,2026-04-07T16:00Z,1775577600000,8.1380,3
TSMUSDT-C-20260420T0300,TSMUSDT,calm,2026-04-20T03:00Z,1776654000000,0.0952,
TSMUSDT-L-20260423T1900,TSMUSDT,large,2026-04-23T19:00Z,1776970800000,7.1470,4
TSMUSDT-C-20260502T0500,TSMUSDT,calm,2026-05-02T05:00Z,1777698000000,0.2640,
TSMUSDT-C-20260531T1500,TSMUSDT,calm,2026-05-31T15:00Z,1780239600000,2.1183,
TSMUSDT-L-20260605T0500,TSMUSDT,large,2026-06-05T05:00Z,1780635600000,-9.5476,2
TSMUSDT-L-20260617T2000,TSMUSDT,large,2026-06-17T20:00Z,1781726400000,6.9450,7
TSMUSDT-L-20260622T1300,TSMUSDT,large,2026-06-22T13:00Z,1782133200000,-6.6345,8
TSMUSDT-L-20260625T1300,TSMUSDT,large,2026-06-25T13:00Z,1782392400000,-7.0093,6
TSMUSDT-L-20260701T1100,TSMUSDT,large,2026-07-01T11:00Z,1782903600000,-7.1123,5
TSMUSDT-C-20260710T0800,TSMUSDT,calm,2026-07-10T08:00Z,1783670400000,0.0915,
TSMUSDT-C-20260717T2200,TSMUSDT,calm,2026-07-17T22:00Z,1784325600000,0.2183,
TSMUSDT-L-20260730T0800,TSMUSDT,large,2026-07-30T08:00Z,1785398400000,11.3282,1
TSMUSDT-C-20260810T1000,TSMUSDT,calm,2026-08-10T10:00Z,1786356000000,0.1045,
TSMUSDT-C-20260816T0000,TSMUSDT,calm,2026-08-16T00:00Z,1786838400000,0.6282,
TSMUSDT-C-20260818T0300,TSMUSDT,calm,2026-08-18T03:00Z,1787022000000,-2.9695,
TURBOUSDT-C-20250908T0800,TURBOUSDT,calm,2025-09-08T08:00Z,1757318400000,6.9034,
TURBOUSDT-C-20250916T0400,TURBOUSDT,calm,2025-09-16T04:00Z,1757995200000,3.2484,
TURBOUSDT-C-20251001T1700,TURBOUSDT,calm,2025-10-01T17:00Z,1759338000000,4.0695,
TURBOUSDT-L-20251009T2200,TURBOUSDT,large,2025-10-09T22:00Z,1760047200000,-38.6425,3
TURBOUSDT-L-20251012T1400,TURBOUSDT,large,2025-10-12T14:00Z,1760277600000,18.1142,13
TURBOUSDT-C-20251023T2200,TURBOUSDT,calm,2025-10-23T22:00Z,1761256800000,3.9845,
TURBOUSDT-L-20251029T1800,TURBOUSDT,large,2025-10-29T18:00Z,1761760800000,-14.7683,17
TURBOUSDT-L-20251102T1600,TURBOUSDT,large,2025-11-02T16:00Z,1762099200000,-14.4356,19
TURBOUSDT-L-20251106T1800,TURBOUSDT,large,2025-11-06T18:00Z,1762452000000,20.9638,7
TURBOUSDT-L-20251117T2000,TURBOUSDT,large,2025-11-17T20:00Z,1763409600000,18.3655,11
TURBOUSDT-L-20251120T1300,TURBOUSDT,large,2025-11-20T13:00Z,1763643600000,-17.9633,14
TURBOUSDT-L-20251127T1200,TURBOUSDT,large,2025-11-27T12:00Z,1764244800000,56.5557,1
TURBOUSDT-L-20251130T0800,TURBOUSDT,large,2025-11-30T08:00Z,1764489600000,-13.9228,20
TURBOUSDT-L-20251202T1200,TURBOUSDT,large,2025-12-02T12:00Z,1764676800000,54.5577,2
TURBOUSDT-C-20251206T1500,TURBOUSDT,calm,2025-12-06T15:00Z,1765033200000,-8.7424,
TURBOUSDT-C-20251211T1800,TURBOUSDT,calm,2025-12-11T18:00Z,1765476000000,-3.6403,
TURBOUSDT-L-20251218T0800,TURBOUSDT,large,2025-12-18T08:00Z,1766044800000,14.6368,18
TURBOUSDT-C-20251229T0000,TURBOUSDT,calm,2025-12-29T00:00Z,1766966400000,-1.1870,
TURBOUSDT-L-20260101T2200,TURBOUSDT,large,2026-01-01T22:00Z,1767304800000,25.3874,6
TURBOUSDT-L-20260130T1900,TURBOUSDT,large,2026-01-30T19:00Z,1769799600000,-17.3938,15
TURBOUSDT-L-20260204T2100,TURBOUSDT,large,2026-02-04T21:00Z,1770238800000,-18.2109,12
TURBOUSDT-C-20260208T1400,TURBOUSDT,calm,2026-02-08T14:00Z,1770559200000,-7.4311,
TURBOUSDT-L-20260311T2000,TURBOUSDT,large,2026-03-11T20:00Z,1773259200000,36.4935,4
TURBOUSDT-C-20260318T0800,TURBOUSDT,calm,2026-03-18T08:00Z,1773820800000,-6.8528,
TURBOUSDT-L-20260321T1900,TURBOUSDT,large,2026-03-21T19:00Z,1774119600000,18.3861,10
TURBOUSDT-L-20260415T2000,TURBOUSDT,large,2026-04-15T20:00Z,1776283200000,19.3620,8
TURBOUSDT-C-20260422T1800,TURBOUSDT,calm,2026-04-22T18:00Z,1776880800000,-5.5215,
TURBOUSDT-C-20260425T1800,TURBOUSDT,calm,2026-04-25T18:00Z,1777140000000,2.5004,
TURBOUSDT-C-20260429T1300,TURBOUSDT,calm,2026-04-29T13:00Z,1777467600000,-3.2702,
TURBOUSDT-L-20260512T1100,TURBOUSDT,large,2026-05-12T11:00Z,1778583600000,19.1296,9
TURBOUSDT-C-20260515T1300,TURBOUSDT,calm,2026-05-15T13:00Z,1778850000000,-8.8818,
TURBOUSDT-C-20260521T1300,TURBOUSDT,calm,2026-05-21T13:00Z,1779368400000,8.8373,
TURBOUSDT-C-20260525T2000,TURBOUSDT,calm,2026-05-25T20:00Z,1779739200000,-2.5002,
TURBOUSDT-C-20260602T0000,TURBOUSDT,calm,2026-06-02T00:00Z,1780358400000,-8.7527,
TURBOUSDT-C-20260603T0100,TURBOUSDT,calm,2026-06-03T01:00Z,1780448400000,0.7828,
TURBOUSDT-C-20260604T2200,TURBOUSDT,calm,2026-06-04T22:00Z,1780610400000,-6.3028,
TURBOUSDT-L-20260628T0700,TURBOUSDT,large,2026-06-28T07:00Z,1782630000000,16.7958,16
TURBOUSDT-C-20260724T0900,TURBOUSDT,calm,2026-07-24T09:00Z,1784883600000,-2.4670,
TURBOUSDT-C-20260728T1600,TURBOUSDT,calm,2026-07-28T16:00Z,1785254400000,-3.9887,
TURBOUSDT-L-20260820T1000,TURBOUSDT,large,2026-08-20T10:00Z,1787220000000,25.8248,5
